audio_id,language,subset,question,reference,url,model_answer,requested_model,model_id
439a3510-6994-4c54-a354-9f8e39e17b9d,fulfulde,fulfulde,Mi hakkili ko am pertiido mo vowi fijigo be sobirabe mako sanji wakkati gotel jotta hanko tan jodata ha sudu mako kullum o acci yewtogo bo o wala fala ko vowi yidugo mi hakkili bo ko min je woni sare o yida nyamugo be amin odo nandi mo woni der bella ko chamri kala wakkati fu kadi dume on wawata latata sabulu dasugo bandu mako be sobirabe mako wawan lata metol berde on. kotorugo hakkilo on damata mo hertoi min wawata valliugo mo gam siyo mako warta be alamaji toi handi en hakkila handi o lara hokko o shawarana ko likita mo andi nyawuji berde.,"Mi hakkili miko am pertido mo vowi fijugo beh sobirabe mako canji wakkati gotel. Jotta hanko tan jodata ha sudu mako kullum. O acci yewtugo, bo owala fala ko o vowi yidugo. Mi hakkili boh ko minin jeh woni sare, oyida yamugo beh amin . Odo nandi mo woni der billa koh chomri kala wakkati fu. Kadi, dume on wawata lata sababu dasugo bandu mako beh sobirabe mako? Wawan lata mettol berde on na koh torrugo hakkilo on damata mo? Her toi min wawata vallugo mo gam seyo mako warta? Beh alamaji toi handi en hakkila? Handi o lara hokko shawara na koh likita mo andi nyawuji berde?",http://speech-app.s3.amazonaws.com/static/audio/uploads/543e4e17-d941-44de-9941-31053b439bff/5772c7694127b69c21dfd7539161b906_4ZadKFma.wav,"The symptoms you describe—itching, flaking, cracking, and discoloration of the skin—are indicative of chronic Dermatitis, which is an umbrella term for many skin conditions. A definitive diagnosis requires a thorough physical examination to differentiate between common local causes such as contact dermatitis, eczema, or fungal infections, and more serious systemic issues. We must rule out parasitic causes like scabies and determine if the dryness is exacerbated by local environmental irritants or nutritional deficits. Initial management will involve treating the basic symptoms (pruritus and dryness) using emollients and topical steroids, but persistent or worsening symptoms necessitate lab tests or scalp/skin scraping for conclusive diagnosis. Please come to the clinic so I can properly visualize the rash, allowing us to tailor a treatment plan that addresses the root cause, not just the visible symptom.",Gemma4-E4B (Ollama),gemma4:e4b
98e022a6-3280-419c-b6d4-0f2396fedf7b,fulfulde,fulfulde,Dada ɓingel fere ɗo dami hala keccel mako mo mari laru je tati bei nange ɓingel mai pijal boɗɗum amma to jemma waɗi sai o fuɗɗa tari tari mai ɗo ummina keccel man daga ɗo yiɗi mako bo keccel mai wokan diga ɓawo ha iri kala jamma ɗo dada mai lari ɓingel man ɗo fufa be lau bo ɗo habda fofa mai ma dada mai kasi danugo ngam o hutiri defadira waɗi dada mai hakkilri ɓingel mai sali musun. fijugo no o vowi sai o yari keccel mai ha likita ngam o yiɗi o anda ɗume on haddi sitta tari man bo ko waɗi o ɗo fofa be bone bo o anda iri kala lekki toi e wannata bingel man lamɗol am ko watata ɓingel petel tari sosai be jemma bo hada bingel man fufugo boɗɗum wawan wada tari be bonede fofugo man alamutu ɗume bei ɗume wawata wadugo ha sare heɓa keccal man ɗaana boɗɗum jemma.,"Daada ɓingel fere ɗo daami hala kechel mako mo mari lewru jetati. Be naange, ɓingel mai fijan boɗɗum, amma to jemma waɗi se o fuɗɗa tari. Tari mai ɗo ommina kechel man diga ɗoiɗi mako, bo kechel mai wokan diga ɓawo. Ha iri kala jemma doh, dada mai laari ɓingel man ɗo fofa be law bo oɗo habda fofa mai ma. Dada mai kaasi ɗaanugo gam o hulturi. De fajira waɗi, dada mai hakkili lari ɓingel mai sali musunugo bo o sali fijugo no ovowi, se oyaari kechel ha likita gam oyiɗi o anda ɗume on haddisitta tari man bo ko waɗi oɗo fofa be bone bo o'anda iri kala lekki toi ewannata ɓingel man. Lamnɗol am: ko watata ɓingel peetel taari sosay be jemma bo haɗa ɓingel man fofugo boɗɗum? Waawan waɗa taari be boneeɗe foofugo man alamu huttu? Ɗume be ɗume ewaawata waɗugo ha saare heɓa kechel man ɗaana boɗɗum jemma?",http://speech-app.s3.amazonaws.com/static/audio/uploads/613d2683-85de-4c67-9096-827184b2ebdd/5ae6765e8eade4159e4f5137883c57e1_NHp9iyFv.wav,"This chronic pattern of severe bloating, pain, and alternating bowel habits strongly suggests a functional gastrointestinal disorder, such as Irritable Bowel Syndrome (IBS), but a full workup is mandatory to exclude organic diseases. We must rule out underlying causes like chronic gut dysbiosis, undetected infection, or inflammatory bowel disease through stool tests and blood work. Initially, medical management focuses on dietary triggers; you must keep a detailed food diary to identify specific agents—such as high-FODMAP foods or gluten—that exacerbate symptoms. Locally, combining symptomatic treatment with targeted nutritional therapy, such as bland meals and gradual gut repair, offers the best prognosis. Given the severity and persistence, consistent follow-up in the hospital setting is crucial for definitive diagnosis and long-term care.",Gemma4-E4B (Ollama),gemma4:e4b
662d0f80-5975-44c8-b91f-e79e040b4d70,fulfulde,fulfulde,Rawandu ngati bingel bandan dubi mako je didi rawandu mai gati mo be yahi ha gargajiya goddo gargajiya ta’i babal mai sai wati lekki fere inde majum abboro amma jonta babal rawandu mai gati fuddi vurtungo dammutore bo ɗuti en yacci ɓe yara mo asibiti pusani iri kala ri ɓe wannata bingel ɗo o wawan heɓugo ngam rawandu mai ko da rawandu mai ɗo dama bo iri safande toi hani a wanna bingel petel ɗo mawandu mai wannai mo il fere ha bandu mako.,"Rawaandu ngati ɓingel ɓanɗam. Duɓi mako je ɗiɗi. De rawaandu mai gati mo, eyehi ha gargajiya, goɗɗo gargajiya ta'i babal mai se wati lekki fere inde majum 'aporo'. Amma jonta, babal rawandu mai gati fuddi vurtungo namputere bo ɓuti. En yechi ɓe eyara mo asibiti. Useni, iri kala lirore toi ewannata ɓingel ɗoh? Owawan heɓugo wuttaandu gam rawaandu mai, ko da rawaandu mai ɗo daama? Bo iri safande toi haani ewanna ɓingel peetel ɗo? Maandu rawaandu mai wannai mo illa fere ha ɓandu mako.",http://speech-app.s3.amazonaws.com/static/audio/uploads/d32f5e72-b75a-438a-aaa1-0f3e49e2ad25/d1317d919f7ad32aa7e02bea784f5e2e_254txzZC.wav,"Initial management of any community illness, regardless of its source, requires a thorough clinical evaluation to establish an accurate diagnosis and severity baseline. While traditional remedies hold cultural significance, treatment for potentially life-threatening infections or syndromes must be guided by empirical evidence and local protocol adherence to prevent complications. We must always prioritize identifying the root cause of symptoms—be it bacterial, viral, or nutritional deficiencies—to administer targeted therapy. Therefore, the best approach involves seeking comprehensive care at the hospital level for diagnostic confirmation and evidence-based pharmaceutical management. Complementary use of herbal knowledge is accepted only when it does not conflict with or delay necessary, supervised modern medical treatment.",Gemma4-E4B (Ollama),gemma4:e4b
7af2af64-2808-4bf4-a259-49c62c4a9b64,fulfulde,fulfulde,Debbo darnajo ɗo jogi ɓingel mako de o lari zazzabi nangi gal mai non non tan fuɗɗi dimbugo bingal mai do wada jinl wala der hakkilo irin nyautoi hebi bingel dadalgu sumdo be irin hakkulungo hakkilinta bingal do.,"Debbo jarmaajo do jogi bingel mako , de olaari zaszabi nangi gel , bingel mai nonnon tan fuddi dibbugo .Bingel mai do wada jindol owal der hakkilo . Irin yeu toi hebbi bingel daada  musunoddo do? Be irin hakkulingo toi hakkilinta bingel do?",http://speech-app.s3.amazonaws.com/static/audio/uploads/4e944aa2-b594-4fe7-bac1-5709e3f206d4/445167f8000db8be0f36ff93faaad782_UdH9lVGh.wav,"This cluster of symptoms—fever, skin rashes, swollen lymph nodes, and recurrent infections—suggests a systemic infectious process requiring urgent medical investigation. Given the symptoms, differentials include malaria, typhoid fever, disseminated bacterial infections, or endemic tropical diseases like lymphadenitis. We must conduct a complete blood count (CBC), serology tests, and send samples for immediate microscopic examination to pinpoint the specific causative pathogen. In our community setting, accurate diagnosis is critical because treatment protocols vary drastically; for instance, malaria treatment differs significantly from bacterial sepsis management. Therefore, please visit the clinic immediately so we can perform the proper tests and provide definitive, evidence-based treatment tailored to the local disease burden.",Gemma4-E4B (Ollama),gemma4:e4b
05d40662-2ac2-4b71-88a4-87bf41b6ca15,fulfulde,fulfulde,Dada mu suno bingel mako kuma o do larani bandu bingel do wula wakkati bo da lori vi o yidda saali o yi bandu bingal mai gabaki daya tid sai o faddi bo o anda ko daya bol mako do mabbi. Gam kujeji ɗiyam ɗo vurtina mo ha hunduko kuma ɓingal mai wawata maɗa kala nyiri fu jotta oɗo ema elkita ko irin ɗo o maran nyauɗo maran dama kuma be irin nyau ganɗi ko o wawan o heɓa batal. Koje gargajiya be sabulu gargajiya ɗon ɓe naftirinta ɓingel be iri nyauɗo ha vurti.,"Daada musunoodo, hirliti bingel mako kuma odo laara ni bandu bingeldo, dowula wakatigo . Daada lori vi oyi bawoo awaa sedda saali oyi bandu bingel mai gabaakidaya tiidii se o faddi. Bo o anda ko leebol mako do mappi, gam kujeeji diam do vurtinamo ha hunduko. Kuma hingel mai wawata moda kala yiiri fu.
Jotta odo ema likita ko irin yeu do maran daama, kuma be irin yeu toi ga nandi, ko owaawan oheba  baatal koje gargajiya be sabulu gargajiya don be nefartirinta bingel be irin yewu do, ha lenyol o furti.",http://speech-app.s3.amazonaws.com/static/audio/uploads/505092e3-9608-4beb-98d8-d8aeb0a16945/88f1715c0c0a0e58e1d81a3b7eabeb44_DKJjG7gE.wav,"The persistent, painful skin lesions described, potentially severe boils or recurring ulcers, require immediate clinical evaluation to determine the precise cause. These symptoms could indicate chronic pyoderma, severe folliculitis, or potentially complicated systemic infections like cellulitis. While traditional poultices and herbal remedies are used locally, they carry a high risk of promoting secondary bacterial infections and delaying critical care. Therefore, proper diagnosis involving skin culture, biopsy, and visualization is essential to rule out advanced conditions. Treatment must involve antibiotics, antifungal agents, or topical therapies prescribed by a skilled healthcare professional, as waiting for natural resolution can lead to sepsis.",Gemma4-E4B (Ollama),gemma4:e4b
b5f5fab7-0d62-4ff9-a947-631641f53f7c,fulfulde,fulfulde,Likita mi waddi ɓingel dubi jui be lebbi ɗiɗi kuma oɗo lebbi ɗiɗi ko sali oɗo be damuwa be fofugo saɗini mo jamma kuma o ɗo uja. ɗo ni sali dillugo mi sodini mo lekki ojjugo tibi inde magal tutolin chuld o yardi gora gotel amma ɗojugo mai dillai kuma har jotta ɗo be jemma ɗo saɗini mo mi wanni mo je tibi. Amma be vi wawan o wala nyau tibi ɗum likita ɗume on waddata ɓingel duɓi jui heɓa ittugo wala acca ɗum be kuma ɗume on waddata ɓingel dubi jui heba damuwa fofugo daker ɗo be tamma.,"Likita miwaddi by bingel dubu jew be lebbi didi , kuma odo be banin ko lebbi didi ko saali , odo be damuwa be foofugo do sadinimo jamma, kuma odo ojja kullum kullum. Hojjugo dooni salli dillugo. Mi soodi nimo lekki dojjugo TB, inde maagal Tutolin Children . O yardi goora gootel amma dojjugo mai dillai.kuma har jotta do dojjugo be jamma do sadinimo.
Mi wanni mo goji je TB, amma bevi wawan owala yeewu TB do.
Likita, dume don waddata bingel dubi jew heba hojjugo wala accha do, be kuma dume on waddata bingel dubi jew heba damuwa foofugo daker do be jamma?",http://speech-app.s3.amazonaws.com/static/audio/uploads/1c2be1aa-bad0-4e1e-8c37-84158acde31c/b0096cbd1874092b64c5f55c71ef46fc_PfUWaCPY.wav,"The combination of persistent fever, severe abdominal pain, and diarrhea suggests a possible bacterial enteritis, typhi infection, or inflammatory condition requiring urgent assessment. In Nigeria's community setting, the priority must be diagnosing the cause (which may involve stool cultures and blood tests). Critically, do not self-administer anti-diarrhea agents like immodium (loperamide) when severe dysentery is suspected, as these drugs can trap toxins and worsen intestinal complications. You must immediately seek care at a health facility for intravenous hydration (ORS) and possible empirical antibiotics if signs of sepsis or severe colitis are present. These symptoms require immediate physical examination to rule out an acute surgical abdomen (e.g., appendicitis).",Gemma4-E4B (Ollama),gemma4:e4b
92caf330-cd8d-4af6-a332-4392a0684822,fulfulde,fulfulde,Inde ame ɓawo lebbi ɗiɗi ko saali ɗo militina gorko amofugo mako da dedai ba sam be odo ista akai akai banda ma odo babellaji ko habe saunde odo isla akai akai ni bofugo daidai o hokka. Ɗo waɗa ta’a be oɗo isla to oɗo solaji wodi ko je min waɗata heɓa hefta ko waɗata ɗotugo ɗo be isugo ko julde ha pellel mari solaji ko ɓandu mako ɗon. Chanta waɗata ɗum fe’a irin lekki toi ɗon o naftirta hofugo mako hota dedai be kuma o wawan o joɗa belɗum ko ha o woni fu.,"Inde am Mrs Akinleye, bawo lebbi didi ko saali do, mi hirliti nii gorko am, foofugo mako da daidai ba sam sam. Be odo isla akai akai , bandam odo babel sollaji ko ha be saa ta hunde. Odo isla akai akai ni bo foofugo dai dai do hokka mo bone. Foofugo mako do wada ta’a be odo isla to odoo pellel churde ko sollaaji. Wodi goji min wadata heba hefta ko waddata hojjugo do be islugo? Ko joode ha pelel mari sollaaji do waddata dum, ko bandu mako don chanjata wadata dum fe’a?
Irin lekki toi don o naftirita, foofugo mako hoota daidai be kuma owaawan ojooda peldum ko ha o woni fuu?",http://speech-app.s3.amazonaws.com/static/audio/uploads/958360c8-f3ce-4ba2-b455-3643aae6e790/49f615cddaa3661c794eed71f7b98358_ZwOT7vF9.wav,"This constellation of symptoms—chronic joint pain, weakness, and wasting—suggests a systemic issue requiring immediate diagnostic investigation, such as severe nutritional deficiency, chronic infection, or kidney disease. We must first perform comprehensive blood tests to check Vitamin D, Calcium, B12, kidney function, and inflammatory markers. While local remedies *may* provide supportive care, treatments like plant decoctions can sometimes interact dangerously with underlying systemic deficiencies or exacerbate renal impairment, so they must be used with extreme caution. Focus initially on establishing a clear diagnosis and commencing proven medical treatments like supplements, which solidify bone and joint support. Please ensure the patient receives care at a clinic setting for accurate dosing and continuous monitoring to prevent deterioration.",Gemma4-E4B (Ollama),gemma4:e4b
1a300999-4afc-406c-b8f9-db90c98bf7f7,fulfulde,fulfulde,Mayi ɓingel mako mo ɗo wondi be mako tun o dayi ɓingel hakkunde ɓawo tati ɗum waɗi rufata ɓawo dayugo bo rufa be robe sembe nda dedai ma o yiini fu ɓingel mako ɗo laɓi juɗe koste yeso. Tou ɗo tauna ɓandu ɗo wuli amma ha dar ɓalle tati ɗo ko sari ɗo kosɗe mako be juɗe mai fu ɗo fewi bo o ɗo somi somini sosai bo wala ko o wawata waɗugo kanjum waɗi o waddi mo sibiti heɓa. Likita lara ɓandu mako o yami ko wawan likita mai lotai babel mingel mai joɗata boɗɗum ko kanjum waddata rufugo iyam sembe mai bo otori likita mai vindina mo batal ko lekki je darnata iyam mai heɓa dada mai lornita sembe mako wawa hakkina ɓingel. ,"Maama yi’i bingel mako,mo odo wondi be mako tun o dayi bingel, hakkunde bawo tati dum wadi, eyam rufata bawo dayugo, o rufa belau be sembe da daidai ba. Oyi’i ni fuu bingel mako do laapi , judde, koste, yeeso, nofuru fuu do laapi. Odo ta dewna bandu bo owuli. Amma ha der balle tati ko saali do koste mako be juude mai fu doo feewi. Bo odo sommi sommi ni sosai bo wala ko o waawata wadugo. Kanjum wadi o waddimo sibiti heba likita laara bandu mako. Oemmi ko wawan likita mai lootai babel mingel mai joodata boddum, ko kanjum waddata rufugo eyam sembe mai.
Bo otori likita mai vindimo baatal ko lekki je darnata eyam mai, eba daada mai lornita sembe mako waawa hakkilina bingel mako.",http://speech-app.s3.amazonaws.com/static/audio/uploads/9d732eb6-fb7a-42c0-8736-8c3dbb646e26/baa51d6b97df04c44e663e70c4dc6d29_3Ul3VDrg.wav,"The symptoms described—severe, burning, radiating abdominal pain exacerbated by positioning—are signs of a serious condition requiring immediate, detailed medical workup, rather than simple over-the-counter pain relievers. I cannot diagnose based on description alone, as the pain pattern could indicate gastrointestinal issues (like peptic ulcers or gastritis), biliary obstruction, or even cardiac/musculoskeletal complications. Therefore, initial management must involve physical examination, vital sign monitoring, and diagnostic imaging (such as ultrasound or CT scan) to precisely localize the source of the pain. Treatment will be highly tailored; if inflammatory or secretory, medications like PPIs or anti-spasmodics might be used, but strong pain management requires confirmation of the underlying cause. Given the radiating nature, we must always rule out critical differential diagnoses before initiating any complex pharmaceutical regimen.",Gemma4-E4B (Ollama),gemma4:e4b
1169dfcc-d852-4ad0-98bc-fcc9c05621ab,fulfulde,fulfulde,Myari sobajo amre dubi mako sappo e je tati gam o nasti dango bo wakkati wadi den yotti sibiti mai be hosi mo be godi mo ko handi fu be tawi sembe iyam mako va’i ko handi ni fu be wadan o do danyugo. Oɗon ni har ɓawo aawa sappo e ɗiɗi gorko mako dayai likita en sauri debbo mai o jaɓa ɓe wanna mo sis gam o ɗo der danugo ɗo ni sobajo am saali sam o fiwai o yidi dango baroɓe ibrani enta daga ɓawo o danyi bingal ɓawo aawa sappoi. O ɗo dergo o danyi ɓingel debbo e jamu ko ma min yettore Allah amma ko hirni amni amin ɓingel ɗo wala fofa boɗɗum be dimbi akai akai mari wuji bandu bingel ɗo o kini amma fofugo wartai dede har dotta be yawi be hokki mo. Oksid likita usini bingel do hisanna be to o hisi o wartan bingal ma wori na fore na,"Mi yari sobaajo am reduujo , mo duubi mako sappo e je tati, gam o nasti dayugo bo wakati wadi . Dai min yotti sibiti mai, be hosimo bo begodimo ko haadi fu, be tawi sembe eyam mako va’e. De bawadi ko haadini fu be wada . Odo der dayugo. Odon nii har bawo awa sappo e didi. Gorko mako dayai, likita en sauri debbo mai ojaba be wanna mo CS, gam odo der dayugo do neebi .
Sobajo am salli sam , ovi wai oyidi dayugo ba roobe ibrani’en dayata .
Dagabawo o dayi bingel, bawo awaa sappo e didi o do der dayugo. Odayi bingel debbo e jamun, kuma minyettore Allah. Amma ko hilni amin bingel do wala foofa boddum. Be dimbi akai akai, marri , wugi bandu bingel do. Owooki ni amma foofugo warta deedai har jotta.
Be yawi be hokkimo oksijin.
Likita, Useni, bingel do hisan na? Be to o hisi, o wartan bingel mo woodi naafoore na?",http://speech-app.s3.amazonaws.com/static/audio/uploads/3d266846-2143-40e8-9ce7-edd23e4b7d32/d4b1cfe7adcbf7518f4312ae01331c3a_PDX1kSVB.wav,"Chronic diarrhea that persists despite treatment requires a thorough investigation to rule out specific conditions like celiac disease, giardiasis, or inflammatory bowel disease (IBD). Since the issue is chronic, we must perform stool tests to check for occult blood, parasites, and inflammatory markers, alongside basic blood work (CBC and electrolyte panel). Failure to stabilize the gut involves dietary management, recommending a bland, low-fiber diet while systematically identifying triggers such as dairy or grains. We must also rule out malnutrition and dehydration, which are common complications in these settings, as chronic diarrhea leads to electrolyte imbalances. Immediate management involves oral rehydration solutions (ORS) and careful follow-up with stool microscopy to pinpoint the underlying cause definitively.",Gemma4-E4B (Ollama),gemma4:e4b
4d31877b-469d-4301-9932-75fd852d6b19,fulfulde,fulfulde,Rewo ɓingel mo hakkilinta ɓingel petel herti ɓingel o hakkilinta mai dakka fofata den bo fofugo bingal mai da dedai ba bingal do da keel don ba je be sakkini al ha dango kuma na bingal be yiwata be diyam pewdum. Ɗum waddata ɓingel petel fofata da kerɗo be ɗofugo mai hoi nai mo bana nane ɗume min waɗata do hala ɗo.,"Reenodo bingel mo hakkilinta bingel petel, hirliti bingel o hakkilinta mai daker foofata, denbo foofugo bingel mai da dedai ba.
Bingel do da chekkel don ba je be sakkiniel ha danugo, kuma naa bingel beyiiwata be diyam paudum.
Dume don waddata bingel petal foofata daker do be dojjata akai akai, bo kwadi foofugo mai hoyinai mo bana naane? Dume minwadata do halaa do?",http://speech-app.s3.amazonaws.com/static/audio/uploads/1c6a2b57-3053-4415-9727-917ed9722ce8/7c72ff04903a2a067085df6696d31fe2_ploEzH89.wav,"It is crucial that these abnormal lumps or growths be examined by a healthcare professional immediately, as self-diagnosis is unreliable. These symptoms, which often refer to breast or deep tissue lumps, can be caused by several things, including common conditions like fibrocystic changes, infections (mastitis), or, less commonly, more serious issues. Due to the varied nature of masses, a physical examination, possibly followed by an ultrasound or biopsy, is essential to determine the exact cause. In our community setting, do not panic or delay care; visit the hospital or nearest clinic for a structured assessment. Remember that while some lumps are benign, a proper evaluation is the only way to ensure the safest and most effective treatment plan.",Gemma4-E4B (Ollama),gemma4:e4b
7be603c9-1850-4693-b2d6-1b7b07387ab2,fulfulde,fulfulde,Debbo fere danyi keccal ha asibiti amin fajiri ɗo dango mai hokkai mo sam o danyi wala damuwa nebai sam ɓawo o dayi min lati leppol min wanni mo ɓuli sofni be iyam ɓawo minti seɗɗa debbo ɗo o naftiri be leppol fere kanjum mai fu hebbini be iyam. Nyidai sam debbo fuddi nanugo wala sembe bo iyam mai do rufa sosai sali darugo dane on waddata rufugo iyam ɓawo danugo dume watta darna iyam mai ko wawan lata bingel fere don hader redu debbo ɗo ɗume on waddi rufugo iyam sembe daratado ba je debbo do. Duem wawata min wanna debbo ɗo iyam mai dara irin batal ko lekki toi nafu ɗo be min tura debbo ɗo asibiti manga na ɗon ko min wawata min wanna debbo ɗo je darnata iyam mai.,"Debbo fere dayi chekkel ha sibiti amin fajiri do. Dayugo mai hokkai mo bone sam, odayi wala damuwa. Nebai sam bawo o dayi min laari leppol min wanni mo buli, sofni be eyam.  Bawo minti sedda debbo do naftiri be leppol fere, kanjum mai fu hebbini be eyam. Nebai sam debbo fuddi nanugo owala sembe bo eyam mai do rufa sosai sali darugo. Dume don waddata rufugo eyam bawo dayugo ? Dime watta darna eyam mai? Ko wawan laata bingel fere don ha der reedu debbo do? Dume don waddi rufugo eyam sembe darata do ba je debbo do? Dume min wawata min wanna debbo do, eyam mai dara? Irin baatal ko lekki toi naftirint debbo do , be min tura debbo do sibiti manga na , ko don ko min wawata min wanna debbo do je darnata eyam mai?",http://speech-app.s3.amazonaws.com/static/audio/uploads/5dac9a38-8c55-48c0-a42e-db2f494830ab/586a9bb6daab0fb5d9630e9ae6621d65_2VpNAeQX.wav,"Based on your description of chronic knee pain, swelling, and localized heat, the symptoms strongly suggest an inflammatory arthropathy, such as osteoarthritis or rheumatoid arthritis. I recommend us conducting a thorough physical examination, and likely ordering blood tests to rule out septic arthritis or systemic inflammatory conditions. Diagnosis requires differentiating between joint wear-and-tear, crystal deposition, and chronic infection. Initially, managing the pain involves rest, elevating the joint, and applying targeted anti-inflammatory medications. Adherence to physiotherapy and early intervention are crucial to preserve function and prevent joint damage.",Gemma4-E4B (Ollama),gemma4:e4b
d37bde49-8a16-485c-90d5-613f7fad7712,fulfulde,fulfulde,Duɓi am sappan e tati e ɗiɗi nyiɓai mi dayi je ɗiɗi ko sali ɗo on midayi mi heriti dou to miɗo musina keccal am ɗo yarnama bani musungo to o musini seddani sei o itta hunduko mako to mi habdi musungo mo fahin sei o musina seɗɗa o itta hunduko sei ko haɗi mo musungo boɗɗum sei mirriti o ɗo mari damba wala fufa boɗɗum bana ɓingel. banninta pofɗe mako mi yecci dada gorko am o vima den ɗo daya ndiyam nati hore keccel man on ko kuje fere amma bo minti hore mako kam likita en handi ɓe anda min ko ɓuri pusungu amɓerde maanjum on o wala hara boɗɗum ɗo dama ambo hakkilo am wala wala musina be boɗɗum sam sai to mi waɗi sembe to miɗi o musina. Sai to mi vindini mo o musina seɗɗa to fottini mo miɗi mi’ama dow sabo pewol man je o wala fofa be boɗɗum ɗo bofi fu ɗo nanda bana kine mako ɗo sukki bo hanjum on waɗi wala musina boɗɗum.,"Dubi am sappan e tati e didi. Nebai mi danyi, Balde je didi ko sali mi danyi. Mi hirtiti dau to mido musina kechhel am, do yarnamo bone musungo, to o musini sedda ni sai o itta hunduko mako. Toh mi hapdi musungo mo fahin sai o musina sedda o itta hunduko. Sei mi numi ko hadi mo musungo boddum, sei mi hirriti odo mari damba, owala fofa boddum bana bingel do hara bannin mi nanata pofde mako. Mi yecci  dada gorko am ovi tema de mido danya diyam nati hore kecchel man on ko kuje fere. Amma bo mi numi to diyam nasti hore mako kam, likita en handi beh anda. Min ko buri pusun go am berde ma hanjum on no owala hara boddum. Do dama am boh hakkilo am walai. Owala musina beh boddum sam. Sai toh miwadi beh sembe to miyidi o musina. Sai toh mi findini mo o musina sedda to fottini mo. Miyidi mi ema dau sababu pewol man jeh owala fofa beh boddum boh de o fofi fuu do nanda bana kine mako do sukki boh hanjum on wadi owala musina boddum. ",http://speech-app.s3.amazonaws.com/static/audio/uploads/840dabfc-6d8b-4a62-8077-5fe36c517b4a/4a8cbcc916138f5a8a753eb6c39bd2f3_f8CvbIoJ.wav,"Your symptoms suggest significant inflammatory changes in the gut, requiring immediate investigation, especially following recent antibiotic use. Given the alternating diarrhea and constipation, mucus discharge, and recent fever, differential diagnoses include inflammatory bowel disease (IBD), chronic colitis, or antibiotic-associated diarrhea (like *Clostridioides difficile*). Because this episode started with fever, you must return to the clinic for stool samples to test for infection (such as *C. difficile* or parasites) and inflammatory markers. While diet and hydration are crucial, managing acute inflammation requires targeted medical treatment, not just self-medication. Please do not take further antibiotics without explicit instruction from a doctor to prevent drug-resistant infections.",Gemma4-E4B (Ollama),gemma4:e4b
c60e851f-8a94-4b7e-aeeb-d8836133b45b,fulfulde,fulfulde,Debbo ɗo danyi ha sibiti meɗen lebbi jego ko sali o wari sibiti man be gorgo mako ha o danyi ɓingel marɗo lebbi jego mai wardi be mako jonta dada ma waɗi bayani do o hefti ɓingel man ɗo ɗojja balɗe sappo e tati yahugo sappo e nai ko sali o vi bo o ɗon no hokka mo lekki damba hiddeko ɗojugo man fuɗɗa o vi ɗo jere man halli on daga kiya. taci ko fuddi amma harturti o vide o musini mo fu odo hokka mo lekki ndiyam je dargo je be sorata je dojugo do je o dinki hokkugo bingel man do yara vi daga keya dojugo man turti je har yotti bingel man wala wawa fofa be boddum sosai bana pofde man do ta’a on do yaha dow je palas kala wakkati. Ɓe hultiri hanjum madi ɓe waddi mo sibiti meɗen jotta e mol am ha ɗo hanjum on min wawan min hokka debbo ɗo ko vallata mo be ɓingel ɗo ha sare na larugo no pofɗe mako ta’ata be ɗojere ɗo min vindina be lekki dojugo na ko en wadda go jego je dow ɓingel man hiddeko min hokka mo lekki ko batir.,"Debbo do danyi ha sibiti meden lebbi jego ko saali. Owari sibiti man beh gorko mako haa o danyi bingel mardo lebbi jego mo be wardi beh mako jonta .
Dada man wadi bayani dau o hirriti bingel man do dojja balde sappo-e-tati yehugo sappo-e-nai ko saali.
Ovi bo o donno hokka mo lekki damba hiddeko dojjugo man fudda. 
Ovi dojjere man halli on daga keya. Balde tati ko fuddi amma har turti.
Ovi de o musini mo fu, odo hokka mo lekki diyam jeh der gora- jeh be sorrata jeh dojjugo do- jeh o dingi hokkugo bingel man do yara.
Ovi daga keya dojjugo man turti jeh har yotti bingel man wala wawa fofa beh boddum, bo daami am sosai.
Bana pofde man to ta’a on do yaha dau jippa les kala wakkati fu. 
Beh hultiri hanjum wadi beh waddi mo sibiti meden. 
Jotta emol am hado hanjum on; min wawan min hokka debbo do ko vallata mo beh bingel do ha saare na? Larugo no pofde mako ta’ata beh dojjere do?
Min vindina be lekki dojjugo na? Ko en wada gwaje-gwaje dau bingel man hiddeko min hokka mo lekki ko bate?",http://speech-app.s3.amazonaws.com/static/audio/uploads/8bf9f4d8-ae8e-4625-9c88-f23cc5d70fe7/970b50df7a2e36e0d728c0229754f252_tsVjfEld.wav,"Based on the description of persistent, watery diarrhea, abdominal discomfort, and suspected malnutrition, the child is likely suffering from a chronic gastrointestinal infection or malabsorptive disorder. Immediate supportive care is critical, requiring frequent Oral Rehydration Salts (ORS) to prevent severe dehydration and electrolyte imbalance. Definitive diagnosis necessitates stool sample collection for laboratory testing, which should rule out pathogens like *Giardia*, *Cryptosporidium*, and *Entamoeba*. Treatment will be managed locally by identifying the specific cause, potentially requiring targeted antimotility agents or anti-parasitic medications alongside nutritional counseling. Persistent illness suggests a need for follow-up monitoring to assess weight gain and rule out underlying conditions like celiac disease, which is common in nutritionally stressed communities.",Gemma4-E4B (Ollama),gemma4:e4b
ca38ef49-d081-48fe-90af-041267c847c9,fulfulde,fulfulde,Min nyii goto nder rewɓe amin marɓe redu be gorko mako fajil ɗo vis jabur mako be ɓawo mako ɗo nawa be wakkatil mako waɗai fu min emi mo redu mako lebbi noi on o vi lebbi jego be balɗe sedda on min to ɗo nawa mo jotta na ko ɗo wara dilla on sai o vi ɗon jotta sei min emi mo to o larini. Ndiyam ko iyam na ɗo vi o lare ndiyam be iyam min emi mo ko bingel man je lamba noi on bo redu man je noi on vi amin on je arande emol min mari likita man hanjum on do alama debbo yotti on na o fukkiri on na ko hunde fere on min wawan min yarta debbo man dilla ɓe wanna mo koji nder redu wato sk. ngam min anda ko fe’ata na.,"Min yi goto der rewbe Amin marbe redu beh gorko mako fijjiri doh, ovi les jaburu mako beh bawo mako do nawa, beh wakkati daigol mako yottai fuu. Min emimo redu mako lebbi noi on? Ovi lebbi jego beh balde sedda on. Min emimo toh do nawa mo jotta ko do wara dilla on, sei ovi do nawa mo jotta. Sei min emimo toh olari diyam ko iyam, ovi olari diyam beh iyam. Min emimo bo bingel man jeh lamba noi on, bo redu man jeh noi on? Sei ovi hanjum on je arande. Emol min marni likita men hanjum on ; do alama daigol yotti onna, o fukkiri na, ko hunde fere on?
Min wawan min yerba debbo man dilla beh wanna mo gwaji der redu Wato scanning gam min anda ko fe’ata na?",http://speech-app.s3.amazonaws.com/static/audio/uploads/35e5444a-92ee-48b3-94f4-bbcce744cccc/50eb25d9c93460bd13d7650d59a556b4_QfKim7Pf.wav,"Your combination of abdominal pain, fever, vomiting, and bloating suggests an acute abdominal process, which could range from severe gastroenteritis to complex conditions like intestinal obstruction or appendicitis. Since dehydration is evident and the pain is severe, immediate clinical assessment is mandatory to rule out surgical emergencies. The primary management involves rapid stabilization through intravenous fluids and electrolyte replacement, crucial to counteract the losses from vomiting and diarrhea. Supportive care includes anti-emetics and anti-spasmodics, but definitive diagnosis requires blood tests (CBC, electrolytes) and often imaging (ultrasound or X-ray). Therefore, given the severity, you must be admitted immediately for thorough medical examination and definitive investigation.",Gemma4-E4B (Ollama),gemma4:e4b
5d55e7bb-831c-4364-81e4-fb2f7cac2000,fulfulde,fulfulde,titi lola daga ɓandu bingel am do fita diuna bingel man wala wawa wailita dande mako sam don nanda ma bana dande bingel man metatatata wailutuggo gite wore bingel man wawata mabbutuggo dume on wawata godda zazzabi do be bo ko hadata dande mako golto handi mi wanna mo heba mi anda sabo zazzabi man be ko hadata dande mako watuggo jawabu toy be yeccata men je ko woyla bandu bingel man je wadata zazzabi be ko hadata mako wanko.,"Inde am Titilola. Daga keya, bandu bingel am do wuli, odo fiita diwna.
Bingel man wala wawa wailita dande mako sam. Do nanda ma bana dande bingel metata wailutuggo. Gite wore bingel man wawata mabbutuggo. Dumejum on wawata wadda zazzabi doh beh bo ko hadata dande mako wailutuggo? Gwal toi handi mi wanna mo heba mi anda sababu zazzabi man beh ko hadata dande mako wailutuggo? Jawabu toi beh yeccata men jeh ko woni der bandu bingel man jeh waddata zazzabi beh ko hadata dade mako wailutuggo?",http://speech-app.s3.amazonaws.com/static/audio/uploads/2a7e9671-a183-4eeb-8e39-ab9c3c41583d/0f404b61a6cd74e458bf719ec8dcbeb3_iEoktNLt.wav,"The symptoms you describe, particularly the severe and persistent abdominal cramping (dysmenorrhea) during menstruation, require careful medical evaluation to differentiate between primary and secondary causes. Primary dysmenorrhea is often due to heightened uterine contractions, managed initially with over-the-counter NSAIDs like ibuprofen. However, secondary causes, such as endometriosis or pelvic infections, are possible and require a thorough physical examination and potentially an ultrasound scan. Locally, maintaining good hygiene and utilizing herbal remedies for pain relief can support care, but they should complement, not replace, prescribed medical treatment. You must visit the hospital if the pain is sudden, severe, accompanied by fever, or if you experience abnormal bleeding, as this signals a need for urgent diagnosis.",Gemma4-E4B (Ollama),gemma4:e4b
097c330b-fb29-4392-acc8-015bd99ac09c,fulfulde,fulfulde,Inde amtilola daga keya bandu bingel am do wuli odo fita diuna bingel man wala wawa wailita dande mako sam don nanda ma bana dande bingel man wetata waituggo yite wore bingel man wawata mabbutuggo dumejum on wawata wuda zazzabi do be ko bo hadata dande mako waituggo gol handi mi wanna mo heba mi anda sabo zazzabi man be ko hadata dande mako waituggo jawabu toy bo be yecchata men je ko woni dar bandu bingel man je waddata zazzabi be ko wadata dande mako wodi go,"Inde am Titilola. Daga keya, bandu bingel am do wuli, odo fiita diwna.
Bingel man wala wawa wailita dande mako sam. Do nanda ma bana dande bingel metata wailutuggo. Gite wore bingel man wawata mabbutuggo. Dumejum on wawata wadda zazzabi doh beh bo ko hadata dande mako wailutuggo? Gwal toi handi mi wanna mo heba mi anda sababu zazzabi man beh ko hadata dande mako wailutuggo? Jawabu toi beh yeccata men jeh ko woni der bandu bingel man jeh waddata zazzabi beh ko hadata dade mako wailutuggo?",http://speech-app.s3.amazonaws.com/static/audio/uploads/3e582d3f-71b9-4d36-b70c-095cd79016cc/482f4a329e361907ead08f7240692149_qokCpWJA.wav,"The first step is a thorough physical examination to determine the specific source of the child's symptoms, as many ailments present with similar signs. Because the child is displaying multiple symptoms, dehydration due to vomiting or diarrhea is the highest immediate risk, requiring oral rehydration salts (ORS) frequently. While empirical treatment based on symptoms is necessary, the underlying cause—often bacterial or viral infection—must be confirmed. Maintaining proper nutrition and fever management with paracetamol is crucial, but signs like lethargy, persistent vomiting, or blood in stool require immediate professional intervention. Therefore, please do not administer strong antibiotics without a confirmed diagnosis, and follow up immediately if symptoms do not improve within 24 hours.",Gemma4-E4B (Ollama),gemma4:e4b
1922f14d-d08e-4f00-b45c-2c3c6f46b8e5,fulfulde,fulfulde,Dada fere hakkili lari ɓingel man ɗo ɗoja je balɗi arindiri kamma pewol on ɓillata ɓerde ɓingel man den bo accan mo amma bo ɗo juko man usta ɓingel man ɗo umma kala jamma fu ngam ɗojara man wakkati go kamma ɓingel man ɗo habda bano o wala wawa fufa be boɗɗum dada man to ummini bingal man darni oɗo wawan nano ɓerde mako fiyata wakkati fufata ngam bannin ango. Ɓingel man nda ɓingel man ɗoji sosai ha gagiri mo fufugo be boɗɗum nder jamma jango man dada man tas yahugo asibiti o yiɗi o nana ko waɗi ɗojugo man fuɗɗi ko waɗi tawugo pofɗe man nden nde bo o anda hedi o wawata valliugo emwal amma ha ɗo kanjum on ɗume on wawata wadda ɗojere be tawol pofɗe ɗo banda ma be jamma. Alluhai handi ɓe hakkila be man to ɓingel man ɗo ɗoja kujeji toi handi ɓe hakkila be man ngam usta ko haɗa ɗojugo man.,"Dada fere hakkili lari bingel mum do dojja jeh balde.
Arindere kam, o tamma pewol on billata berde bingel man, den bo accan mo.
Amma bo, dojjugo man ustai. Bingel man do umma kala jamma fu gam dojjere man. Wakkati go kam ma bingel man do hapda bana o wala wawa fofa beh boddum. Dada man toh ummini bingel man darni, odo wawa nana no berde mako fiyata wakkati o fofata. Gam bannin, danugo beh jamma do yarna bingel man bone. De bingel man dojji Sosai ha gagiri mo fofugo beh boddum der jamma, jango man dada man taski yahugo asibiti. Oyidi o anda ko wadi dojjugo man fuddi, ko waddi ta’ol pofde man, dende bo o anda hedi o wawata vallugo. Emol am hoda hanjum on: dume on wawata wadda dojjere beh ta’ol pofde do, banda ma beh jamma? Kuje kalludum toi handi beh hakkila beh man toh bingel man do dojja? Kujeji toi handi beh hakkila beh man gam usta ko hada dojjugo man?
",http://speech-app.s3.amazonaws.com/static/audio/uploads/2a7e9671-a183-4eeb-8e39-ab9c3c41583d/0f404b61a6cd74e458bf719ec8dcbeb3_AZyiHPA6.wav,"A holistic medical evaluation is necessary because symptoms of chronic pain and debilitating illness (the ""bingel man"") can have multiple roots—biomedical, psychological, or socio-spiritual. Clinically, my primary duty is to rule out underlying physical causes such as severe malnutrition, chronic infections, rheumatological disorders, or metabolic imbalances. However, since the patient attributes the suffering to external forces, treatment must integrate biomedicine with culturally relevant psychosocial support. Therefore, management requires identifying physical treatable conditions while simultaneously addressing the distress and grief associated with perceived persecution. Engaging community elders and traditional healers can reinforce adherence to treatment and provide a holistic healing process that affirms the patient's belief system.",Gemma4-E4B (Ollama),gemma4:e4b
2eafca32-8cb0-4b65-afd7-f00db2a06c8a,fulfulde,fulfulde,Roowo ɓingel lari ɓingel mai ɗo ɗodda sosai naudum har karshe doddugo bingel none don wadata dotugo ha bingel bannin tan har karshe doddugo mai wala fufa boddum da kerdake fofata goji dume be dume be wawata be wanna bingal to borade toi min hokkata mo be kuma chawara tokkata reo bingal mai.,"Renoodo bingel lari bingel mai do dojja sosai naudum, har karshe dojjugo mingel nonnon tan foofugo daker.
Toh dume don waddata dojjugo ha bingel banni tan, har karshe dojjugo mai wala foofa boddum daker daker foofata? Goji dime be dime bewawata bewanna bingel mai? Choboraade toi min hokkata mo? Be
Kuma shawara toi hokkata renoodo bingel mai?",http://speech-app.s3.amazonaws.com/static/audio/uploads/384e1111-4dbf-4bbf-84f0-ed4ff7510e0f/d12396cc9b636a29e3344b6b9418a17e_r275y4Of.wav,"These symptoms suggest a persistent and serious localized infection, requiring immediate medical evaluation to confirm the diagnosis. We must rule out chronic sexually transmitted infections (STIs), abscess formation, or severe chronic dermatitis, as these conditions require specific treatment. Do not treat this solely at home; the physician needs to examine the area and perform local tests (like a swab) to determine if the infection is bacterial, fungal, or parasitic. Generally, hygiene is crucial, requiring gentle washing with clean water and soap, but the condition must be addressed with prescribed antibiotics or antifungal treatments administered at the clinic. Continuous care and proper follow-up are essential to prevent the infection from worsening or spreading.",Gemma4-E4B (Ollama),gemma4:e4b
af16b3f3-84a4-4de3-a2ea-7bc14114dc24,fulfulde,fulfulde,nonon tan min lari debbo rediyo je sibiti amin wari fajjiri do o wari be naudum sosai o do woka be sembe odo jogi bawo mako be redu mako gam nodum o nanata bawo minti jetati yahugo sappo ha dar sudu danyugo min waddi mo min lari mo min tawi bingel do jippa. Pellel sam o yiɗi ɓinngel debbo to min waddini min waɗini ko haandi fuu en waɗata ɓaawo redu jobay ni min hoosi daada bee ɓinngel maako min yari bee hasudu ɓe siwta ndee seɗɗa sey dada man nyoniya o yecci amin o ɗo nana o walaa. O nana osomi gite mako o yi'ata laɓɗo o vi' amin ogodi nyamugo ɓawo o danyi amma da kek o heɓi o nyami be nyiri mai wala jippa boɗɗum har jotta oɗo ɗaana o wala sembe be o fuddi nanugo gelo on feɗi bannin ko iyam vurti ha mako sosai o wala iyam o handini ko o handi ni. Kilungo iyam ko ɗume wa nanta mo min hokka mo iyam na ko min hokka mo nyiri.,"Nonnon tan min lari debbo redujo je sibiti amin wari fajiri do. Owari be naudum sosai, odo wooka be sembe, odo jogi baawo mako be reedu mako gam noudum onanata. Bawo minti je tati yahugo sappo hader sudu 
dayugo min waddimo. Min larimo mintawi , mingel do jippa pellel danugo Dee. Nebai sam o dayi mingel debbo.
Toh min wadi ni kohaadi fu enwadata bawo redugo dayi .
Napai ni min hosi daada be bingel mako, min yari be haa sudu be suitata.
De nebi sedda, sai daada mai yooni amin , o yechi amin odonana o wala sembe, osomi , gite mako oyiyata labdum.
Ovi amin fu ogodi yamugo bawo o Dayi, amma dakar o hebi o yammi, Be yiiri mai wala jibba boddum.
Har jotta odonana o walaa sembe be ofuddi nanugo giilol . 
Dime on fedi bannin? Ko eyam vurti ha maako sosai, owala eyam. Ohadinika pillunko eyam. Ko dime bewadantamo? 
Min hokkamo eyam na?
Ko min hokkamo yirri?
",http://speech-app.s3.amazonaws.com/static/audio/uploads/4af59541-4b5a-442d-8676-4e2d66831773/c12052a2e9a926a6ce3a09d372ea0123_dow87MSR.wav,"This presentation suggests severe generalized weakness, muscle wasting, and chronic malnutrition, often requiring a structured nutritional intervention. We must first rule out underlying acute causes, such as infection, anemia, or kidney dysfunction. Focus care on dietary dense energy, prioritizing nutrient-rich, easily digestible local foods like groundnuts, beans, and soft, cooked root vegetables for consistent intake. Addressing chronic frailty requires physical rehabilitation and promoting oral intake through nutritional supplements or liquid meals. For prolonged care, a referral to a clinic or hospital for complete blood count and biochemical panel is essential to manage deficiencies and determine the root cause of the debility.",Gemma4-E4B (Ollama),gemma4:e4b
