audio_id,language,subset,local_path,reference,url,model_answer,requested_model,model_id
2d74e2ea-1975-49fe-a396-a2dbb606fc2b,fulfulde,fulfulde,/data/Intron-Multimodal-Benchmarking/data/gates_data/audio/8985d43f9d32e7892beb790a979d77d4_cPvu0RiL.wav,"Mi waddi bingel am mo dubi jenayi Nyaurdorde hanne ƴaloma. Mi lili bingel on siri sooda Naƴam goɗun amma bosaaru ngati mo. De ɓe waddi cukaley on wuro ɓe hecci am ko fayti , Mi raɓɓuti futtere to bosaaru ɗun ngati cukaley on,Mi tawi futtere non wujji bo ɓuuti.  Men waɗi ƴamde  dere keddiraɓe mo andi bosaaru nga ƴati bingel on. Joom bosaaru ɗun wi'i ɓe meeɗa hokkuko bosaaru on Njibinanɗe .Ɓe wi'i ɗun yaha yasi dun  fija ɗu warta tan. Ɓe wi'i ɓe meeɗa hokkuko bosaaru ɗun lekki sam. Kanjum waɗi  mi huli se mi yaawi wadduko bingel on Nyaurdorde, gan to bosaaru ɗun ngati cukaley on no wodi ƴau bosaaru . Ɗume  heɓɓata bingel ko bosaaru ngati bo?  Ɗume wawi heɓɓa  futtere wojju ɗun e ɓuutu ɗun? Nƴau bana ƴau bosaaru waawi nasta dere futere? Ko waawi waɗɗuko bingel on sabun ngati bosaaru on? Tii, ko ɗume mi waawi waɗɗuko ngan to nƴau nata futtere on? Ɗume Njibinanɗe e lekki haani hokka bingel on gan hebɓe Jam? Ko ɗume goɗɗum min waawi waɗɗuko wala ko lekki min waawi waɗɗanko futtere ɗen to bosaaru ɗun ngati ɓingel on?",http://speech-app.s3.amazonaws.com/static/audio/uploads/8db0feef-c321-4371-8d38-e4f3d4f501a7/8985d43f9d32e7892beb790a979d77d4_cPvu0RiL.wav,"Because your baby is older than 6 months, the lactational amenorrhea method is no longer reliable, even if your periods have not yet returned. While breastfeeding, the safest and most suitable options are progestin-only methods (implant, injectable, or progestin-only pill), a copper IUD, or condoms. These methods do not contain estrogen, so they are less likely to reduce milk supply. If you choose an injectable or implant, they are long-acting and very effective for spacing pregnancies. Please visit a clinic to discuss the best option for you, check for any contraindications, and start the method correctly.",GPT Realtime 2 (audio),gpt-realtime-2
ed72b813-04a2-482b-b3cb-305be48110dd,fulfulde,fulfulde,/data/Intron-Multimodal-Benchmarking/data/gates_data/audio/367b6c1beeff153de6507f795d06a206_zWwfuLIk.wav,"Debbo je jodata ha sare amen, do huwa.
Do wada kuugal maako  boddum bo o wala yeiwu. Yende fera, waakati odo yiwa, o nane endi maako dou mari hunde petel satinga hader. O numi wala ko duma , o lori o nane dun fahen yende fera fahen do . Waakati do dellal, o fudi damugo be mai sosai, o fudi numugo dimai on ha endi maako. Wala nawa mo, amma balal mai do sati bo sali dellu go. O fudi num tugo labari je binkon robe je mari don ha endi mabe. Sati je sali,  o yeti larugo likita.  O kidi o anda dumi on dasi dum be dume on o wadata hala mai. Made jima: dumi on dasata hunde mai ha endi debbo? Koh dume o je satin ga  ha endi on na cancer? Dume on debbo lora ta lara fahim ha endi mai?",http://speech-app.s3.amazonaws.com/static/audio/uploads/98ee57f7-3ef6-4825-8dfe-2f825275efbc/367b6c1beeff153de6507f795d06a206_zWwfuLIk.wav,"Chest pain can come from the heart (such as angina or a heart attack), but also from the lungs, acid reflux, anxiety, or muscle and rib strain. If the pain is heavy or tight, spreads to the arm/jaw/back, or comes with shortness of breath, sweating, nausea, or faintness, go to the hospital immediately. Clinicians may check you with an ECG, blood tests for heart damage (troponin), and sometimes a chest X-ray or other tests to find the cause. Treatment depends on the cause, so avoid self-medicating and follow medical advice; rest time is individualized and after heart problems usually requires monitored care and a gradual return to activity. To reduce risk, stop smoking, control blood pressure, diabetes, and cholesterol, eat a balanced diet, stay active as advised, manage stress, and take prescribed medicines consistently.",GPT Realtime 2 (audio),gpt-realtime-2
61687dc7-de0c-42ca-be4a-fadcbcf06472,fulfulde,fulfulde,/data/Intron-Multimodal-Benchmarking/data/gates_data/audio/654a64b274233d08e5dd443424b6f609_Il3mtpby.wav," Debbo reedujo mo dubi sappane tati e tati mo wodi reedu lebbi jeeɗiɗi keddu en makko ngaddimo Nyaurdorde amin. Ɓe wi'i  reedu mako no nawɗum tenduɗum, ƴiiyan ko ɗuɗi wurti le yeso mako. Ii 'o diwna ,I'o woya ngam nawɗun dun ɓurimo semɓe.  Saro en makko mbii be don kultori ta godɗun tawa Dada ko bingel ngel.

Ƴamnde arandere nde Nyautowo ƴami :  dume on wadi reedu naawurta non ha ma ƴiiƴam wurto e sembe?
Ƴamnde ɗi dabre: Dume haani waɗugo ɓelau ha debbo reedujo on?
Ƴamre tataure: Dume haani raɓɓu tugo hefta nyau dum?
Ƴamre Nayabre: Irin lekki kiye haani nyaudiramo?
Ƴamre Joyabre: ira Nyamdu nduye o woɗoto, nden bo ira ngendam dayeejam haani o hutira?
",http://speech-app.s3.amazonaws.com/static/audio/uploads/2a528297-991f-4766-aed9-740be2530bc6/654a64b274233d08e5dd443424b6f609_Il3mtpby.wav,"Clean water with salt can help in specific ways, but it does not cure most diseases. For diarrhea with dehydration, use oral rehydration: mix 1 liter of clean water with 6 level teaspoons of sugar and half a level teaspoon of salt, and give small frequent sips. For a sore throat, gargling warm salt water (about half a teaspoon in a cup of water) can ease discomfort, but it is not a substitute for antibiotics when needed. Do not drink highly salty mixtures, especially if the person has high blood pressure, kidney or heart disease, or is a young child. Seek medical care urgently for severe weakness, persistent vomiting, blood in stool, high fever, or signs of dehydration.",GPT Realtime 2 (audio),gpt-realtime-2
77dc6882-e75f-4291-866c-23fe43998cc9,fulfulde,fulfulde,/data/Intron-Multimodal-Benchmarking/data/gates_data/audio/b7945435a27748ee067b05b2e7f2c418_yl5nntAN.wav,"Jam bandu likita, useni mi waddi bingel am sibiti gam mi laari no o foofata, don woni bana sawtu hendu do saala babal petel ni, donbo bana goddo don fuufa hunde, be daker o foofata. Mi hirliti bo balde tati jotta odo dojja be jamma. Wakati fere mido lara berde mako do nasta sosai lugga, do fa’a do sosai bana saito naftiri sembe mako o foofata. Milaribo owala yaama banaane.
To o yammai fu saito onangi fofde mako. Irin bani mai don hokkatamo bone odo kasa yamugo boddum balle tati jotta. Mi arti mi yari mo chemist petel ha fattude amin, be hokkimo lekki dojjugo gam odo dojja sedda sedda, amma dojjugo mai hallai .
Amma pat lekkiji o yari wala ko nafimo.
Foofugo mako bannin ni, kuma harjotta o wawata yamugo boddum. Useni irin damuwa toidamata mingel am be foofugo mako do bana hendu do saala babel piitum?
Useni o haadini hooto na? Heba famta ko daamata mo be kwadi berde mako do fada jippa do?
Irin yaudigi toi mihokkata mingel do ha sare, hoininamo heba o foofa boddum?
Don irin lekkiji fere sibiti na ko hundeji tan fere mataaki je hosata hado bingel do?",http://speech-app.s3.amazonaws.com/static/audio/uploads/7fa02a5e-7fbf-4035-ac4a-a0a5ce774686/b7945435a27748ee067b05b2e7f2c418_yl5nntAN.wav,"I’m going to think through your symptoms and risk factors carefully so I can give you a safe, practical plan.Your symptoms (long cough, weight loss, night sweats, and coughing blood) strongly suggest tuberculosis, and the family history and close sleeping arrangements mean your household contacts may also be at risk. Please go to a clinic or hospital urgently for sputum testing with GeneXpert (and culture/drug-susceptibility if available), chest X-ray, and an HIV test, because prior treatment and persistent symptoms can indicate drug-resistant TB. If TB is confirmed, you need a full, supervised treatment course with the correct regimen based on resistance testing, and you should not stop early even if you feel better. At home, improve ventilation, avoid sharing a bed, and use a mask when around others until you are no longer infectious; your close contacts should also be screened. If you develop severe bleeding, chest pain, or difficulty breathing, seek emergency care immediately.",GPT Realtime 2 (audio),gpt-realtime-2
53a63cb8-b4bf-437e-81f1-de8e5d5fd0a2,fulfulde,fulfulde,/data/Intron-Multimodal-Benchmarking/data/gates_data/audio/1f9370eebab4290d473cde2592cac530_xvkrMpsV.wav,"Goɗɗo ɓeno data Suberu, duɓi mako sappaɗe joyi, ƴande fere ofuuɗi ƴowru. Arande bo ,ƴowru ɗun ƴaaɗai amma  de ɗun faɓɓi asaweje seeɗa tan yarigo lebbi, be hakkiilo ni ɗun yehi ɗun Halloi. De neɓi seeɗa , se saldorimo bobɗe . Ɗun goĝa on o habdi bauɗe ko o wawata hinddeeko nyouru dun satayi amma ɗun pat manju ɗun waɗai. Da hanuno o ƴamɗita ,ƴowru tulliti. De O hilliti ,dou o yaha o soda lekki dikka o yaha  Nyaurdorde o yi'a Nyautowo. Nde o yokki  Nyaurdorde ,o yecci ɓe ,o ɗou ɗojja lebi tati ko saali.  O lori  fa hin ,o hecci ɓe o habdi ko wawata waɗuko bana ko hiɓɓe shawarimo ko larini jumri, diyan fowuɗan ,goroju-kaɗɗu,e ɓe lekki ɗuɗuki ko o soodi . Da hanuno ,O nyamɗinta se ŋyowru wari tulliti. Ɗun yottaki wakkati feere, fofugo ma e saldoramo ngam ŋyouru ɗum ƴaɗi . Se O ƴami Nyautowo on ,ko waɗi ƴowru ndum neɓir bana ni,sali yamɗutuko. O yinno o anda ko waɗi dabareji be leɗɗe ɗe o foodi fu ko nafayi .
Ragare mai ,on nƴami ɗume o wannata ƴowru dum ɗu nyamɗita dufuumaru ,ngam o heɓa o foofa no hani  o lorinita jamo bandu mako.",http://speech-app.s3.amazonaws.com/static/audio/uploads/6ff10d73-cf82-4a14-ad40-eeb16b48ee3c/1f9370eebab4290d473cde2592cac530_xvkrMpsV.wav,"Your symptoms sound like a urinary tract infection, but a sexually transmitted infection can cause similar pain and discharge, so you should get tested rather than keep taking random medicines. A clinic can do a urine test (and pregnancy and STI tests if relevant) and give the right antibiotic based on results. Drink plenty of clean water, avoid soaps or chemicals inside the vagina, and urinate after sex. If you develop fever, back pain, vomiting, or worsening pain, seek care urgently because the infection may be spreading.",GPT Realtime 2 (audio),gpt-realtime-2
d7e753fc-1afe-4a4f-9aa5-38ed678f3bdb,fulfulde,fulfulde,/data/Intron-Multimodal-Benchmarking/data/gates_data/audio/abb29e2a2870abd763272e9bb1013f56_ff77scjd.wav,"Dada debbo je dayi nebai wari sibiti . Ovi tun bingel mako dayi odota rufa eyam sosai.
Kanjum wadi owala sembe ha bandu mako.
Debbo mo dayi mai dubi mako nogas e ni. Ovi bo rufugo eyam mai duudi masin denta bo watamo owala sembe.
Daada mai kasi yamugo be kuma kasi wadugo kodume.
Demde am kanjum dumedon waddata debbo ninga rufugo eyam do bawo o dayi balde sedda sali do? 
Yaudiku toi be hokkata daada mai je rufugo eyam mai darata denbo olorna sembe mako? Shawara toi hokkata daada mai be bingel mako?",http://speech-app.s3.amazonaws.com/static/audio/uploads/798b5106-bad5-4d3a-85ea-4fd316e84906/abb29e2a2870abd763272e9bb1013f56_ff77scjd.wav,"Keep breastfeeding if you can, but correct the latch and positioning so the baby’s mouth covers more of the areola, which reduces biting and nipple pain. Treat cracked nipples by applying expressed breast milk and keeping nipples clean and dry; you can also air-dry after feeds. If pain is severe, express milk and feed with a cup or spoon instead of a bottle to protect breastfeeding. Cow’s milk is not recommended for infants under 12 months because it can cause anemia and feeding problems. Please see a health worker to check for infection, assess the baby’s latch, and support you with pain control and feeding technique.",GPT Realtime 2 (audio),gpt-realtime-2
0c71b5cb-dae8-44ae-b736-bb2c582a4e97,fulfulde,fulfulde,/data/Intron-Multimodal-Benchmarking/data/gates_data/audio/85348220c411afa6b31e56a1ee5100a1_U8wIyu76.wav,"Dottijo gorko warini Amin sibiti, goddo vii, odo nana hore mako donaawa. Daade mako do tiidii, be kuma foofe per peton vurtino ha bandu . Owari emugo dume don waddata irin do be kuma irin dawa toi hokkatamo. Min emmi goddo mai ko nawugo hore mai jotta warinimo na ko sedda sedda warinimo. Dottijo mai vi warinimo jamma denbo halli jotta. Min emmi mo bo odo laara hiite na? Ovi aa gam hiite o tullinamo naawol hore. Min emmi mo fu hala foofe ha bandu mako ko do naawa sosai ko sedda sedda. Dottijo mai vi foofinimo pat bandu bo kuma o wawata viyuwa da pelel gotel amma do nyanya mo.
Bawo kanjum min emmi mo ko o fotti be nyado . Ovi wala ha oyahi, banda sorrugo hunde ha yeso sare mabbe.
Dembe amin ha likita kanjum don kowaddata nyawol hore be daade tiidata do har o wala waylita daade, be foofe ko hatoi ha bandu mako? Dumewaddatadum? Ye’u je raabata donnaa or hundeji fere? Dembe am je didabo irin goji toi goddo do wadata en andata lallai kohebimo, heba anda dawa be lekki toi o naftirita bako jabargo vurta?",http://speech-app.s3.amazonaws.com/static/audio/uploads/ceaf10d8-fa7a-4df9-80bf-e0743041838f/85348220c411afa6b31e56a1ee5100a1_U8wIyu76.wav,"If a child with malaria vomits soon after taking medicine, repeat the dose if vomiting occurs within about 30 minutes, and give small sips of oral rehydration solution to prevent dehydration. Try to give medicines with a little food or milk if possible, and avoid forcing large drinks that trigger more vomiting. Blood in stool, persistent vomiting, inability to drink, very sleepy or confused behavior, convulsions, or worsening fever are danger signs that need urgent care at a health facility, as this could be severe malaria or another serious infection. In a clinic or hospital, the child may need injectable artesunate, IV fluids, and treatment for dehydration or dysentery. Always verify the correct dose for the child’s weight and complete the prescribed course if tolerated.",GPT Realtime 2 (audio),gpt-realtime-2
1cac3a3f-9a74-4667-8cde-20d64f95ca37,fulfulde,fulfulde,/data/Intron-Multimodal-Benchmarking/data/gates_data/audio/612b88c302002700ef6c824d0bee5487_JVafDqdg.wav,"Debbo lari gorko mako do dojja be sembe to ummi be fajira bedo do leso maini. Dojjugo nonon ni fuddata, oneba ni bako dara. Baldeji owada ni o lari gorko mako o yarabone foofugo . To o yapi sedda ni ko ofa’e eskal , odo dara lorna fofde mako , denbo odo yawa sommugo be lau. Don yende gorko mako neebi odo dojja be odo habda lorna fofde , daami debbo mai. Ofuddi numugo ko don ye’u je wattada damuwajido . Jango mai sai o volwini gorko mako beyaha sibiti be laara likita, heba be hefta ko daamata mo. Demde mai, dumedon waddata dojjugo kalnudum banni be yawugo somugo, be foofugo daker do? Damuwa do wawan ko shafi balle na ko ye’u ko shafi berde?. Hundeji toi don watata goddo maya ko yarna goddo bone foofugo, harje goddo mai hadine dasa hikkilo yaudibe?
Alaamaji kalnudum je damuwaji foofugo je dardiraabe haadi laara, hakilina je dojjugo be foofugo daker do?",http://speech-app.s3.amazonaws.com/static/audio/uploads/14e256b0-1035-474e-8535-57803cab4e54/612b88c302002700ef6c824d0bee5487_JVafDqdg.wav,"I’ll give a clear, brief medical explanation and the key warning signs to watch for.Your symptoms sound like acid-related stomach pain (such as gastritis or ulcer), which can worsen with certain foods, stress, and medicines like painkillers. Try small frequent meals, avoid spicy/fatty foods, alcohol, and smoking, and do not take NSAIDs unless a clinician advises. A clinician may test for H. pylori and prescribe acid-lowering medicine like a proton pump inhibitor for proper treatment. Go to a hospital urgently if you have vomiting blood, black tarry stools, severe or sudden worsening pain, persistent vomiting, or unexplained weight loss. These can be signs of bleeding or a complication that needs immediate care.",GPT Realtime 2 (audio),gpt-realtime-2
eead0ddd-1dfe-4ab0-991d-095ac322bccf,fulfulde,fulfulde,/data/Intron-Multimodal-Benchmarking/data/gates_data/audio/632fed9fd6caafa6b04acc21b3281845_swgorVyY.wav,"Jam bandu, miwari gam miniko am , mi laari ni giteji be balli mako do wadi jallo jallo ni. Kuma bani mai ni har kusan balle tati. Bandu mabbe bo do vuli odolla be zaszabi. Bo kuma be wawata yamugo, be wawata jogugo kodume fu haa redu. Bo be do duwna be do sommi wala sembe. Gam hore mabbe do regga, do naawa, be bandu mabbe do wuli. Min godi nafturugo hundeji min mari ha saare, amma wala ko changi sam be damata be. Giteji mabbe be balli mambe je changi colo jallo do har jotta dillai, do bedda beddugo tan kullum, be wala der jam, be yamdai. Bedo yara bone. Kanjum wadi Allah haddu , bedo nana bone sosai.
Kanjum wadi mi wari sibiti heba min handa komin taakata, heba bandu miniko am, balli be giteji je wadata jallo do hachai be haunai.",http://speech-app.s3.amazonaws.com/static/audio/uploads/e56ed16c-b8f2-4bf6-a64a-31c145f3fe5d/632fed9fd6caafa6b04acc21b3281845_swgorVyY.wav,"I’m going to think through what your symptoms most likely suggest and what safe next steps you can take.Your symptoms sound like gastritis or a peptic ulcer, where stomach acid irritates the lining, causing pain especially after eating. Start with simple measures: avoid painkillers like ibuprofen, spicy or oily foods, alcohol, and smoking; eat small frequent meals; and don’t lie flat immediately after eating. A short course of an acid-reducing medicine such as omeprazole (or another proton pump inhibitor) can help, and you should be tested for H. pylori because it needs specific antibiotic treatment if positive. Please see a clinician to confirm the diagnosis rather than relying on injections, since the right treatment depends on the cause. Go urgently if you have vomiting blood, black stools, severe persistent pain, weight loss, or repeated vomiting.",GPT Realtime 2 (audio),gpt-realtime-2
24394b13-2ade-4730-89fc-1aa86c1b2d7d,fulfulde,fulfulde,/data/Intron-Multimodal-Benchmarking/data/gates_data/audio/74d2c2539d22f06d6b6e1e053f9721aa_p44tmTP2.wav,"Bingel am  wadi reedu;  duɓi makọ woɗa lasọ  ẹ nayi. Kankơ nọn mọ wodi redu. Kọ fayti hanɗẹ bọ.
Jemma, mi hissi ọɗọ wondi nauɗu. Ọ arti  ọ mofti  karẹ makọ ,ọ wari wurọ am. Nauɗu mei  ɓeidi ,ndẹ mi lari nawɗum makọ darai, mi mofti karẹ makọ, arandẹ  kam  o ƴiɗa mi yaramo Nyaudọrdẹ .  Mi yari mọ Nyaudọrdẹ  ɓẹ larimọ. Ɓẹ wi'i rimirdẹ makọ fuɗi nọ maɓitọ, den wakkati o danygol ɓadi.
Ha jotta kam ,danygol makọ nọ maɓinti fa wakkati kọ cukaley ọn wurtoitọ. Iga Ƙenƴa  kam ,cukaley ọn nọ nana nawɗum ,den nauɗum  nọ ɓẹddo tam ha min yọtti.
O wondi  nawɗum, cukaley makọ wurtay,  reedu makọ arandẹ ọn. Hakkilo am ummi , ɓẹrne am de itaaki.
Mi ƴidi mi yida ɓingel am, mi ŷiɗa mi soya ɓingel am nge warata do.  
Useini,ɗumẹ fọɗata nawɗum on?  Non daynrgol arandẹ wa' i na?
Ɗun watọn na ɓẹ wi'a ɓingel fotay wurta heedi alaura ? Ko ɓọ dun sẹkan mo?

",http://speech-app.s3.amazonaws.com/static/audio/uploads/54d97066-aaf6-453b-93b7-5874f6b2bdb1/74d2c2539d22f06d6b6e1e053f9721aa_p44tmTP2.wav,"I’m going to focus on the key safety steps for handling low and high blood sugar and when to seek care.Your husband needs regular blood sugar checks, because both very low sugar and very high sugar can cause weakness and weight loss. If his sugar is low and he is awake, give fast sugar immediately (for example, sugary drink or glucose), then recheck in 10-15 minutes and give a small meal once it improves; if he becomes confused, unconscious, or cannot swallow, go to the hospital urgently. If his sugar is high, encourage water, continue prescribed medicines, avoid extra sugar, and seek care promptly if there is vomiting, severe weakness, deep breathing, abdominal pain, or very high readings. Metformin should usually be taken with food; if he has poor appetite, dehydration, kidney problems, or is very ill, he needs a clinician review before continuing. Long term, a balanced diet, daily walking if safe, and a clinician visit to adjust medicines and check for complications are important.",GPT Realtime 2 (audio),gpt-realtime-2
c7ae9c4c-9650-4dcc-9c1f-dd2ce1320982,fulfulde,fulfulde,/data/Intron-Multimodal-Benchmarking/data/gates_data/audio/7e11306fe2f55f3ac9477ddb4d830de2_VnFrNlTX.wav,"Debbo fere moh dubi chappan eh Didi eh Didi moh danyi ha asibiti balde Tati ko sali waddi bingel mako hande wadugo riga kafi bikkoi kecchon. Deh o wari sei o yechchi Amin bingel doh sali musungo, ha yotti bingel man wala sembe koh sedda boh o danan tan. Ovi bingel man wala joga endi, denbo kodei jungo mako, kosde beh bandu mako pat doh fewi delem har doh hulna moh to’omemi bingel man beh jungo mako, har dikka o hosa moh hader sabbodeh. O hakkilini bingel man sali endi, bandu mako doh fewi to beh memi denbo bandu man do bedda watugo har o wala Wawa bamta jungo mako, forta kosde boh o wala dimbah sam, odo wali babal gotel tan. Toh a lari bingel manni odo yonti boh nyaugel. Dimeh Dasi bannin man? Dimeh on a numata dasata bandu bikkoi kecchon fewa delem toh goddo memi? Koh ngam o sali musungo on tan koh ngam dimeh on? Dimeh min wawata wadugo hala salareh kosam endi man? Denbo hala Riga kafi hadi min jabah man dimeh on shawara mah ha Dow man? ",http://speech-app.s3.amazonaws.com/static/audio/uploads/c667015d-cb35-4cae-a580-4a5001443e0d/7e11306fe2f55f3ac9477ddb4d830de2_VnFrNlTX.wav,"I’m going to think this through like a clinician and focus on what most likely happened and what to do next.This sounds like irritant or allergic contact dermatitis from the detergent, made worse by frequent wet work without protection. Stop using the offending detergent, rinse your hands with clean water, gently pat dry, and apply a bland moisturizer or petroleum jelly often to help repair the skin barrier. Wear gloves for washing tasks (ideally a cotton liner under rubber gloves) and keep hands as dry as possible between tasks. An oral antihistamine can help itching, but avoid steroid creams unless prescribed, especially if you are unsure of the diagnosis. If you develop worsening pain, pus, fever, or the rash keeps spreading despite avoiding the detergent, see a clinician to check for infection and consider a short course of appropriate treatment.",GPT Realtime 2 (audio),gpt-realtime-2
b56b8cde-923d-43a6-a213-9825f54e05d9,fulfulde,fulfulde,/data/Intron-Multimodal-Benchmarking/data/gates_data/audio/a7bfb580c59dbfc06b698a2a2c7cc8bd_dC1HSTpx.wav," Debbo dayi bingel. Bingel mai leuru jew ko saali. Owadi bayani hala bingel mai, ovi wala damuwa do bingel mai wakati odayi mo, bingel mai do musina sosai bana no haadi,  bani tan o laari bingel mai do wooka naudum ha juude be kostejimako.
Yotti har mingel mai wooka be bamtamo o ladda, ko o dimba, heba oyotta daada mambe.
Useni dume don dada do wannata bingel do, hoinina naudum ha jude be kosteji bingel do, be da darna mounugo bingel mai? Kanjum daada idi wara sibiti, be bingel mai be laara likita heba be hefta ko be wannata be vallita bandu mingel do, o wonna o jamo.",http://speech-app.s3.amazonaws.com/static/audio/uploads/d6814191-320f-476e-b754-1e5f00ce3b43/a7bfb580c59dbfc06b698a2a2c7cc8bd_dC1HSTpx.wav,"Common causes of difficulty conceiving include problems with ovulation (irregular or absent periods), blocked fallopian tubes (often from past infections like STIs), uterine issues, and male factors such as low sperm count or poor sperm quality. Age, being underweight or overweight, smoking, alcohol, and chronic illnesses can also reduce fertility. If a couple has tried for 12 months (or 6 months if the woman is over 35) without success, both partners should be evaluated together. Basic tests include semen analysis for the man, and for the woman, checks for ovulation, pelvic infections, and tubal patency (such as HSG), plus a pelvic exam and ultrasound when indicated. Early treatment of infections, optimizing weight and lifestyle, and timely referral to a fertility specialist can improve the chances of pregnancy.",GPT Realtime 2 (audio),gpt-realtime-2
2f3e44a3-7f20-485e-ba8b-2776f62a7e10,fulfulde,fulfulde,/data/Intron-Multimodal-Benchmarking/data/gates_data/audio/b3f8e1c492a2e170e1020e915f9e5feb_9wk2n8d4.wav,"Debbo laari gorko mako do mari naawol hore, nawol hore mai voodai sam sam. Nawol hore do , do nawii ni har saida daade mako o tiidii ni, wawata wellutugo nano, nyamo ni bana no haadi. Sai o laari puulel pamari je walano bandu gorko mai amma fudi vurti nonon. Dum hulni debbo mai do irin kuje je fedi do bandu gorko mako, dume don laati hunde mai vurti, kuma dume don owadata? Komiemi debbo mai ba gorko mako medi marugo zaszabi naudum na be kuma lekki toi be naftiri?
Ovi aa.  Ko gorko mai, leso o naanata, do pilo dawai ba o naani do daade mako ba? Ovi aa. Dawai ba o naani do daade mako ba nonnon naawol hore mai wari, sai wardi be tiidol daade. Kuma pullel per pertel vurtinimo ha bandu mako.
Ko irin kuje bani fe’di, dume don irin Debo do wadata vallititta gorko mako be lorninamo bandu bana no wonnon?",http://speech-app.s3.amazonaws.com/static/audio/uploads/2f4abe8b-e67f-4ef8-ad92-a4a83f3f42ba/b3f8e1c492a2e170e1020e915f9e5feb_9wk2n8d4.wav,"I’ll think through what’s happening with your foot pain and numbness and walk you through what to do next.Your symptoms sound like nerve-related pain and numbness after a burn or irritation, which can cause persistent “pins-and-needles,” shocks, and reduced sensation. Avoid reapplying herbal mixtures if they irritated the skin, keep the area clean and protected, and wear well-cushioned footwear to reduce pressure. If there is redness, warmth, swelling, or discharge, you need urgent care for possible infection. A clinician should examine you, check blood sugar, and may start medication for neuropathic pain (for example amitriptyline, gabapentin, or duloxetine) rather than only simple painkillers. Physiotherapy and gradual activity can also help recovery, but persistent numbness should be reviewed to prevent long-term problems.",GPT Realtime 2 (audio),gpt-realtime-2
2cc76397-ed2f-47fc-bfe4-fc04693d603d,fulfulde,fulfulde,/data/Intron-Multimodal-Benchmarking/data/gates_data/audio/f1bc7d90ca18dcde7c7c9283d525d056_aJYaONaC.wav,"Daada  peju, do mari bikkon tati, peju don petel mai . Peju domari dubu gotel. Daada peju mai hirliti bawo palde sedda dai odayi . Peju do mari ye’u dojjugo, kuma tun wakati mai odo ta dojja wala darugo sam . Ovi kuma o hirliti foofugo fu do hokkamo bone.ovi dojjugo do yawanchi do warinamo be kikkide  wakati komai fu nasti do naana. Ovi foofugo mako do sadina mo ofoofa boddum. Kam dojjugo do wala acchamo o foofa o vurtina boddum . Ovi oyahi ha yaudiko gargajiya kuma hokkimo lekki gargajiya amma o hirliti wala ko huwunimo. So ovi odilli tan oyahi sibiti heba be o hefta ko fedata be peju. Damuwa do waawan hoyina bingel do na? Damuwa berde na ko asma don feddata be bingel do? Kujeji toi don haadi bingel do haadi accha, heba ko damaatamo wadintamo o dojja hoyinnamo, usta sosai?",http://speech-app.s3.amazonaws.com/static/audio/uploads/6e909e46-aea0-4c4f-bb81-41b4c41de685/f1bc7d90ca18dcde7c7c9283d525d056_aJYaONaC.wav,"I’m going to think this through and give you a clear, practical plan for managing this cough and wheeze.This pattern of recurrent cough and wheeze that worsens with dust strongly suggests asthma rather than a simple cold. Have the child assessed at a clinic to confirm and to start appropriate treatment, usually a quick-relief inhaler (salbutamol) and, if symptoms are frequent, a daily inhaled corticosteroid to reduce airway inflammation. Reduce triggers by keeping the home as dust-free as possible, avoiding smoke, and using a mask or covering the nose in dusty environments. If the child has fast or difficult breathing, chest indrawing, fever, poor feeding, or does not improve with treatment, seek urgent care to rule out pneumonia or other complications.",GPT Realtime 2 (audio),gpt-realtime-2
54bbaad4-dfe1-40e7-91f1-83faadadab2c,fulfulde,fulfulde,/data/Intron-Multimodal-Benchmarking/data/gates_data/audio/d7f56e3c49af2c1ef1fe26497dd03885_Ojde3urT.wav,"Mi lili bingei am sodan  bafe ewedu ƙeƴa kikiɗe. Hanọ mintaci sappọ e joyi, kosam owarti wuro e owulla.Ko mi ƴami ko fayti, ɓẹ wolwaniya ɓọsaru ngati  kosɗe mako. Mi ƴami mon dume kala bọosaru on, toi  dun ƴuroi ko ɗu boosaru keddiraɓẹ non. Wakkati nden, mi wujani mo ŋebban ha babal boosaru ngati mo, ngam dum wara tọke ɓosaru ɗum.
Sai ɓẹ hokki am shaawori mi yaramo asibiti dayngol dere keddiraɓẹ . Ɓe widdaniyam baatẹ tetanus mi yaha mi sooda ha kemist. Mi soodi baatẹ ọn,dun tufi mo ɗun ƙeƴa. Illa wakkati den, mi yarimọ wurọ amma illa ƙeƴa , futtẹrẹ man ɓuuti , nọgurẹ nọ wooji. Jotta kam ,hakkilo am  ummi  ẹ mi tammi boosaru dun hokki ɓingel am nƴau boosaru.  Mi ɗọ ƴama wodi  lekki kọ mi sodinta na mọ ko bọ mi yara mọ sibbiti ɓẹ  ɓedda larugọ mọ.",http://speech-app.s3.amazonaws.com/static/audio/uploads/2cfca6d5-0a0f-4852-ae31-483a1a78d358/d7f56e3c49af2c1ef1fe26497dd03885_Ojde3urT.wav,"Tetanus injection is for preventing tetanus, not for treating malaria or persistent fever. If you do not have a tetanus-prone wound and you are not due for routine immunization (including pregnancy immunization), you should not take it just to “cool” fever. Persistent fever after malaria treatment needs a proper review with repeat testing (malaria test, anemia, urine infection, or other causes) and checking that the right medicines and doses were used. Please return to a qualified clinic or hospital rather than taking injections from informal sources. If you have severe symptoms like vomiting, confusion, very high fever, or weakness, seek urgent care.",GPT Realtime 2 (audio),gpt-realtime-2
f25002c8-9b3c-4634-b743-63e14592b434,fulfulde,fulfulde,/data/Intron-Multimodal-Benchmarking/data/gates_data/audio/729fddc470af85a17ac60bfb78dd0ee8_4uOweQfF.wav,"Gorko am dubi mako cappende ni. Denbo mi hirliti saati tati ko saali do odo fi ta yara diyam sosai sosai. No o yarata deyam mai nonon o sillata. Toh oyari dumdum ma nonnon. Kuma nonnon ma be jamma o finai wadai de sappo, o ummi o yaha o silla. Odo wooka fu, odo nana chomri kullum. Bo odon beddi bandu sedda. Wakati fere odo fi’a o do lara dowre, owala laara boddum to o ummi odo wancha. Mi hirliti odo silla akai akai bo dundum bo. Dumedon watata sillugo mere mere do be donka do? Kwadi oyarata diyam dumdum denbo odo silla duddum? Ko alaamaji do waawan je ye’u shuga, ko hundeji fere don? Haunigo toi be goji toi waddata heba hefta irin ye’u toi don do? Kowadi odo somi kullum do? Dumedon waddata silligo akai akai do? Do sembe eyam mako bamti don waddata ye’u do, ko diyam bandu mako timmi na, ko kujjeji fere don tan? Irin yiiri be kujeji yarugo toi o acchata, kuma dume don haadi odinga yaamugo? 
Mataaki toi ohosata, vallititta alaamaji do? De haadi noi goji be haunugo je Ye’u shuga haadi wada, kullum na ko yandego yandego? Ye’u toi don waddata alaamaji do je fe’data ha bandu mako?",http://speech-app.s3.amazonaws.com/static/audio/uploads/8a97b8c6-8fe2-4d56-8192-7dfa47a06db8/729fddc470af85a17ac60bfb78dd0ee8_4uOweQfF.wav,"I’m going to think through the symptoms you described and focus on the most likely causes and safety steps.These symptoms sound more like an infection causing gastroenteritis (stomach bug) than diabetes, especially with diarrhea and tummy pain. Diabetes in children usually shows increased thirst, frequent urination, weight loss, and tiredness, and it does not typically cause acute watery diarrhea. Give oral rehydration solution frequently, continue small feeds, and seek care urgently if there is persistent vomiting, blood in stool, high fever, drowsiness, or poor drinking (signs of dehydration). A clinic visit is important for a malaria check (given fever), and stool tests if symptoms persist or worsen. If you are worried about diabetes, a simple blood glucose test at the clinic can help rule it out.",GPT Realtime 2 (audio),gpt-realtime-2
c6d6cd08-5891-40ef-a139-f669e738afb7,fulfulde,fulfulde,/data/Intron-Multimodal-Benchmarking/data/gates_data/audio/c306bef2a869a29a5f5379e5e636567c_FwtnIFMv.wav,"Reedujo wari sibiti kikide do, sai ovi gorko mako do hoolinaamo akai akai be do doofa mo kullum. Ovi do watimo odinga hurtuluggo. Yalaade dumdum to onani gorko mako do warta saare ko to onangan lawol sare, se odo hurtila gam odo daami ta o tappamo ko o huda mo.
O hirliti fuu berde mako do dogga, do fi’ya. O dilli haunugo sembe eyam mako, se tawi do fa’i.
 Sai ovi o tori vallinde ha saaro mako be oyechhi be wanni be bayani ko feddata.  Kanjum don saare mako hokkimo lekki gargajiya amma wala ko acchi sam bawo o naftiri.
Oyidi o anda, dume don o wadata heba ta oringa hurlituko sosai do, to odo hota sare ko to o nani gorko mako do warta? 
Dume don owadata o lornina  hakkilo mako, berde mako waala , jam e hakkilo?",http://speech-app.s3.amazonaws.com/static/audio/uploads/2e433a65-2b62-4d14-bb27-dd938229234c/c306bef2a869a29a5f5379e5e636567c_FwtnIFMv.wav,"Heart attack is usually caused by blockage of the heart’s blood vessels, most often from cholesterol plaque and clot formation, and major risks include high blood pressure, diabetes, high cholesterol, smoking, obesity, inactivity, unhealthy diet, and family history. Prevent it by not smoking, limiting alcohol, eating a balanced diet rich in fruits, vegetables, whole grains, and less salt and trans fats, and by exercising regularly. Keep blood pressure, blood sugar, and cholesterol under good control with regular checks and prescribed medicines when needed. Maintain a healthy weight, manage stress, and seek care early for chest pain, breathlessness, or severe fatigue.",GPT Realtime 2 (audio),gpt-realtime-2
01c01c8d-5192-45d6-b2a6-aa58636139b3,fulfulde,fulfulde,/data/Intron-Multimodal-Benchmarking/data/gates_data/audio/0c71653210fc3b05c4f3723db180c30f_Ky7SgT4A.wav,"Mi dabbo panginga, duubi ma cappande tati e joyi. Useni ,mido  bingel am laibi joyi on laraina am mo. 
Mi hoti kugal. Ko kaydini ma , yalde tati sali do , mi havti o do if kata doja sosai. Min godi kodume je darnata dojugo mai, amma mi lari acei. Mi  Duda I jodugo ha Sara. To mi dile be fajita, Sai asiri mi wartata jago . Dada am on Jodata be bingel am . Kala dami habi wakati onugo, mido onuna minana ko odo doja, kuma beddo yeca am odo doja. Bingel mai lebi joyi on . O ace yarugo kosam tan  gam mi fudi yahugo kugal. Mi rai nimo kosam je labi tati, mi fudi hokugomo yamduji fera.  Mi do hoka mo yamduji Kala Kala , bana gari be yamdu bingel  je mi andi.
Ko kaydini am tun keyan Jamba, fofugo maako da bana o vowi ba. O wala fofa boddum, kuma kine maako suki pat .
Dada ma vidum ma hande wakati odo yiwamo be fajira, san da o naf tartiri diya jumjum ha kine mako be ha berda mako gam danma  mai sati.
Fofugo mai  fudi. O achiti fofugo bodum, kuma fofugo mai ache mo.
Useki, am dema: dima on mi naf tirta a maako je a cha ta  danba mai? Kuma hala fofugo  mai je labii, dime mi wadaata, dime mi naf tarta mo, kuma dime me wata hala fofugo bodum bo hadata mo fofugo.",http://speech-app.s3.amazonaws.com/static/audio/uploads/e969e5a4-b9c1-4135-91f5-06d3466c1f7b/0c71653210fc3b05c4f3723db180c30f_Ky7SgT4A.wav,"Your plan to breastfeed and also express milk so others can help is reasonable; try to breastfeed or pump regularly (about every 3 hours) to protect your milk supply, and pump after feeds if you still feel full. Milk that looks different in color or thickness at different times is usually normal (foremilk/hindmilk differences), so that alone is not a problem. Feed your baby when hungry, ensure a deep latch, and burp well; if your baby seems gassy or fussy, shorter, more frequent feeds can help. Store expressed milk safely (clean container, label date, refrigerate, and use within recommended time; warm gently, do not boil). Seek a health worker if your baby has poor weight gain, very few wet diapers, fever, persistent vomiting, or you have breast pain, fever, or swelling.",GPT Realtime 2 (audio),gpt-realtime-2
15b2f125-fca9-4ad1-8ffa-9a5db02234e0,fulfulde,fulfulde,/data/Intron-Multimodal-Benchmarking/data/gates_data/audio/e96515e360a92f867f6105de073e3c23_e14dyyfM.wav,"Daada je wondi ha daadirabe je waddata bikkoi mappe tufugo baatal ofamtini  o ye’u kecchel mako do mari damuwa ha hundeko mako, bo lebol mingel mai o wadi buluu .
Hande sai o yi’i to odo musina bingel mai, odo torra , hebata hendu boddum , be kuma do hokkamo bone foofugo boddum. Ovi kanjum don saklimo sam gam ohanda ko feddata be kecchel mako.
Dumedon watata lebol mingel wada buluu banni? Dume don kuma waddata mingel torra bo heba damuwa foofugo to’ do musina? Lekki don be hokkatanaaa, ko be larai mingel mai na?",http://speech-app.s3.amazonaws.com/static/audio/uploads/aa9f1487-f1a3-4d70-aef8-286694f399cd/e96515e360a92f867f6105de073e3c23_e14dyyfM.wav,"This sounds like a pregnancy with warning signs, especially if you have abdominal pain, bleeding or watery discharge, or reduced baby movements. These can indicate miscarriage, infection, or early labor, and they need urgent assessment in a clinic or hospital. Do not self-medicate, because some medicines are unsafe in pregnancy and can hide important symptoms. Go for a check-up as soon as possible so they can examine you, check the baby, and treat any infection or bleeding safely. If you develop heavy bleeding, severe pain, fever, or you stop feeling the baby move, seek emergency care immediately.",GPT Realtime 2 (audio),gpt-realtime-2
f01bdcfa-cea4-4a33-ade6-520e66be1a80,fulfulde,fulfulde,/data/Intron-Multimodal-Benchmarking/data/gates_data/audio/8c2360e1822e81d4fada6be76e0f1dee_RZc9f1Qz.wav,"Daada, joodata ha  fattude amin. Do mari redu je mingel mako didabu. A fuddurde reedu mai komai oyaha daidai, odo nana beldum bingel feere do wara . Amma lewru sedda ko saalido ofuddi nanugo les reedu mako do naawa. Yende naudum mai wadi mo sosai, har daker o darata boddum. Nebai sam, bawo toin ofuddi rufugo eyam sosai . Rufugo eyam mai da no rufata don ba, rufi sosai kuma waati mo chomri odo Sommi. Dai o laari eyam mai, sai o hurtili taani don ko fe’di be bingel mako. Gorko mako yawi vallimo be yahi sibiti. Demde am kanju, dume don watata nawugo les reedu ha reedujo? Rufugo eyam sosai do alaama hattara don na je daada ko bingel ha redu mai? Dumedon alaama goddo laarata redu mai don damuwa? Don lekki je darnata naudum mai na be darna eyam mai je nawnata bingel mai?",http://speech-app.s3.amazonaws.com/static/audio/uploads/a249550d-bcc7-48c3-a9e8-1bbd6f7ad486/8c2360e1822e81d4fada6be76e0f1dee_RZc9f1Qz.wav,"I’m going to think through what her symptoms suggest and what needs urgent attention.A month of cough, fever, weight loss, and poor feeding is not typical malaria alone and strongly suggests a chest infection, including possible tuberculosis, especially with prolonged illness and wasting. She needs urgent assessment at a health facility for vital signs, oxygen level, and danger signs (fast breathing, chest indrawing, inability to drink, persistent vomiting, or convulsions). Clinicians should test for malaria and pneumonia causes, and consider TB screening (sputum or gastric samples, chest X-ray) and HIV testing based on risk, because TB and HIV can present with chronic cough and weight loss in children. Treatment may require antibiotics for pneumonia, and if TB is confirmed, a full TB regimen; do not rely on repeated “malaria treatment” when symptoms persist. Continue small frequent feeds and fluids, but prioritize getting her seen today if she is weak, breathing fast, or not able to drink.",GPT Realtime 2 (audio),gpt-realtime-2
8d286282-88c2-4db6-9d83-b44e488d498b,fulfulde,fulfulde,/data/Intron-Multimodal-Benchmarking/data/gates_data/audio/4e7daa789a8dcfd3dc736d325b81b26a_UmtJityj.wav,"Likita, daada joodata ha sare amin, laari mingel mako wala musungo boddum. Dai o idi o musinamo sai mingel mai musina sedda sai yofta bana odo somi. Dada mai bo hirliti bingel mai wala sembe musungo denbo odo fi ta wulina sosai ha hore be yeso. Da kanjum tanba denbo foofugo bingel mai changi. Odo foofa bana yaha do do be do jippa les les , bana goddo mo hokkata bone foofugo. Balleji do dilla ni, daada mai obedda damugo. Odo tamma ko gam bingel mai wala musuna ko heyata ko don damuwa fere je do hauti be foofugo be vulungo bingel mai. Toh sai ovi ha oyaha sibiti olaara likita hauninamo bingel mako. 
 Demde am, dumedon lattata bingel heba damuwa musungo boddum? No bingel mai foofata do, alaama nyawu fere Donna?  Alaamaji hattara toi daada be baaba mingel mai hokkilinta? Dumedon waatata mingel petel vulungo todo musina?",http://speech-app.s3.amazonaws.com/static/audio/uploads/01f98330-4691-445e-b5cd-053c5ce906a0/4e7daa789a8dcfd3dc736d325b81b26a_UmtJityj.wav,"Let me listen carefully to what she’s describing and think through the safest, practical options.Ultrasound can suggest a baby’s sex, but it is not perfect, especially if the scan is done early, the baby’s position is poor, or the machine/operator quality is limited; a repeat scan around 18–24 weeks by an experienced sonographer is usually more reliable. A baby cannot “change” from female to male later in pregnancy; when results differ, it is usually a reading error. There are no reliable physical signs or symptoms in the mother that can tell the baby’s sex. If you are worried about what you felt (like “no head” or unusual position), ask for a clinical exam and a follow-up ultrasound to check the baby’s presentation and wellbeing.",GPT Realtime 2 (audio),gpt-realtime-2
a3a8aecf-41e9-4c37-9e58-85cab2862faf,fulfulde,fulfulde,/data/Intron-Multimodal-Benchmarking/data/gates_data/audio/d55dc637310d60277193dfe69c27bd5e_A65DSzAF.wav,"Duɓi Adeolu sapo(10), inna makọ adda an non. Amma,dere panɗeɗe, mi hissi mi lari ,cukaley on nọ joɗọ fere mako illa kọ inna makọ mayi; O yiɗa fijuki e ko moi fu,   oyiɗa badduko ko moi fuu. O fuɗi salaki ŋyamdu. E ɗun nandi hano o miilo sanne , be ɓerne mako e meti. Uune on hulnni am,sai mi waɗi dabare yarigomo  ƴaudiigu asibiti. Komi ƴotti asibiti,mi ƴamin Likita on ,""  na dun haala maide inna maka torratamo bo?  Koi mi waɗata wuro ga mi walla mo , ko haani bingei on heɓɓa wolwana likitajo nyaudigu ɓerne?, ko hanni mi wannamo ngam mi o heba o ŋaama ko o fijja e sakiraɓe mako  ko haani dun walliramo shaawori nyaundigu?",http://speech-app.s3.amazonaws.com/static/audio/uploads/6c355d41-5efc-4383-a6e1-647f7be7f245/d55dc637310d60277193dfe69c27bd5e_A65DSzAF.wav,"You do not need to wait for your period to get the next injection; it can be given at any time if it is reasonably certain you are not pregnant. If the injection is more than about 2 weeks late, use condoms (or abstain) for the next 7 days after the injection, and consider a pregnancy test if there is any doubt. If you had unprotected sex in the last 5 days, ask about emergency contraception as soon as possible. You do not need to take contraceptive tablets unless you are switching methods; if you do use pills as a temporary bridge, start as advised by a clinician and use backup protection for a few days. If your clinic insists on waiting for menses, ask for a pregnancy test and same-day reinjection if negative and you are otherwise eligible.",GPT Realtime 2 (audio),gpt-realtime-2
780a88ff-c11d-41bb-9f23-6c37350359fb,fulfulde,fulfulde,/data/Intron-Multimodal-Benchmarking/data/gates_data/audio/37145d139abce18251d52258917f0874_T9jRqZeT.wav,"Debbo mo dubi cappande tati dayi minti sedda ko sali. Dayugo mai daidai don. Amma dai be dayi mingel do, mingel do do Mari damuwaaji manga. Mingel do Wala wooka boddum. Denbo wala nootititta bana kejjel wadata. Bawo dayugo bingel mai wookai  boddum bo do hebba bone ha finigo. Bandu bingel mai do bana do tiddi ko kuma bana walaa dimba no haadi. Bingel mai wala yaama boddum be torna mo musunungo. Daada mai do sakli gam bikkoiji mako de saali do bedo wooka, ataake to be dayibe . Dume don waddata damuwa do? Goji toi be wadata do kechel do, be kuma mataaki gwagaawal toi hosata? Dumedon wannata mingel kejjum do?",http://speech-app.s3.amazonaws.com/static/audio/uploads/265e7393-c766-4ed1-9dbe-108fe8ada491/37145d139abce18251d52258917f0874_T9jRqZeT.wav,"This sounds like an inguinal hernia, where a swelling in the groin/scrotum gets bigger when standing or walking and may reduce when lying down. The definitive treatment is surgical repair, which is commonly done and helps prevent complications. Avoid heavy lifting and straining, and use a supportive garment if advised by a clinician while waiting for surgery. If the swelling becomes very painful, hard, cannot be pushed back, or you develop vomiting or abdominal pain, go to a hospital urgently because it could be trapped.",GPT Realtime 2 (audio),gpt-realtime-2
99f911f5-20d3-4ac4-9574-b812408eeb47,fulfulde,fulfulde,/data/Intron-Multimodal-Benchmarking/data/gates_data/audio/546cbd31aebd0c1c025d6d19de042c37_IXusi5MH.wav,"Debbo do dayi ha amin fajira do. Veeti do o dayi. Dai owari jambi je tati be fajiri , mo wondi be mako ha sare yooni amin, vi debbo do bandu mako do duina bo do vuli sosai denbo odo mari damuwaaji ko shafi bandu mako je daamata sosai. Min yahi min laari debbo mai, min suddi mo be kare, mi hauni wulugo bandu mako, min tawi 38.2.
Min wanni mo goji be nawu chufi. Kam debbo do velnai, o nandi malariya . Min emmi mo ko woodi ko o yaami, ovi wala ko Oyami. Min yechi mo vondi be mako, be hokkamo shaa’i o yara. Min emmimo o musini hande na? Sai ovi dai owari musungo bingel mai, sai o tawi kecchel mai riiwi.
Sai minvi debbo mai o umma o hoods obaara bawo mako , heba vallita bandu mako hoina sedda da pat ba, amma vallitai bo gite mako Labai. Min sauri mo to yamini sai oyara paracetamol. To oyari paracetamol mai timmi , sai min lara dai don haadi minhokka mo fein. Odo mari malayria kuma min wani mo goji mai . Useni min waawanmihokka mo fein. To o timmini yamugo, denbo min sauri mo o yara paracetamol, tunda o saatai, to dillai ni minhandai yaudinde min hokkata.",http://speech-app.s3.amazonaws.com/static/audio/uploads/337467d4-18ba-42ad-b5a5-5c408cb82954/546cbd31aebd0c1c025d6d19de042c37_IXusi5MH.wav,"I’m going to think this through carefully based on your symptoms and the medicine you took.Your dizziness and weakness can be side effects of malaria and the antimalarial tablets, especially if you are not eating well, are dehydrated, or have anemia. Take the remaining doses with food, drink plenty of fluids, and rest; avoid driving or climbing until you feel steady. Do not exceed the recommended paracetamol dose, and space it as directed for fever or pain only. If you have persistent vomiting, cannot keep medicine down, faint, become confused, have yellow eyes, very dark urine, bleeding, or your symptoms worsen, go back to the hospital urgently. It’s also wise to be checked for anemia if you feel very weak or breathless, as this can happen with malaria.",GPT Realtime 2 (audio),gpt-realtime-2
71b27612-6180-4a02-8350-9b26bc81f697,fulfulde,fulfulde,/data/Intron-Multimodal-Benchmarking/data/gates_data/audio/1521c0075746dc48a95911ec85c837b5_PKMlxJy8.wav,"Binge danyel kesum ko danyaa e ha asbiti amen minti cappande didi ko wadii , Binge Ngel ena wadi no dum  daanii  woori. Tawi gila node daya, Ngel wadaayi woyaade boddum . Min yeewii  numfuaango maako, 
tee dum no waddu . Kono bingel ngel ena nyibi tan . Min yeewii kadi tembereeji maako, tee dum no alaa cedeele. Naamnal am ko :ko dume waawi waddi bingel  kesum wadi no dum daanii haa  woori e wadaayi wodaade boddum gile nde danyaa?
Hol nooje njamu walla jokkondiral ngel bingel nge foti hebde?
inna o arti  wuro e bingel ngel, kodume o waawii hokkude bingel ngel, tee kodume o waawaa hokkude?
Hol irin nyamuduuji inna maa nyaamde ngam o Wonaa e jam, tee bingel ngel maa wadi e jam? ",http://speech-app.s3.amazonaws.com/static/audio/uploads/9d8cfc96-651b-4c4e-b6b7-6301f11d620d/1521c0075746dc48a95911ec85c837b5_PKMlxJy8.wav,"True labor usually causes regular, painful contractions that get stronger and closer together, and it does not settle with rest; false labor (Braxton Hicks) is often irregular, milder, and may ease with rest or fluids. If your waters break (a gush or continuous leaking of fluid), you notice heavy bleeding, or you have strong regular contractions, you should go to the hospital promptly. Go urgently if you have severe headache, blurred vision, fever, convulsions, severe abdominal pain, or reduced baby movements. If the fluid is foul-smelling, green/brown, or you feel unwell, that is also a danger sign and needs immediate care. When unsure, it is safer to be checked at the hospital.",GPT Realtime 2 (audio),gpt-realtime-2
e8915206-af8a-409f-a309-ae147e55f287,fulfulde,fulfulde,/data/Intron-Multimodal-Benchmarking/data/gates_data/audio/5b3c90fb472e1135f877781013b09339_vKdBGbmx.wav,"Daada dayi chekkel saati didi ko saali do. Ofuddi larugo eyam sedda sedda ha bandumako . Amma baldeji odilla ni, olari hundeji ko nandi reedu be eyam do vurta. Wakati feere daada bingel mai do changi. Debbo daade mako ko omari vodai. Denbo o handi daada bingel do odo mara nawugo redu sedda sedda ha les jaaburu mako. Bo kullum to olaari alaamaji do berde mako do sakla. Odo tampi ko irin damuwaaji do nonnon fedata bawo dayugo ko damuwa fere don. Don yedde je o yahi sibiti, be odo volla be daadiraabe fere, sai o Nani ta be hosa mere kala hundeji be lari fu fedata ha bandu mappe. Kanjum waddi mo odi olaara likita ovolwina be.
Demde am dume donwaddata irin hundeji do bawo dayugo? Waawan nawugo les reedu alaama ye’u don na?
Alaamaji toi daada kesum haadi wata hakkilo bawo dayugo? Mataaki toi daada do haadi tokka heba ta ye’u do heba mun?",http://speech-app.s3.amazonaws.com/static/audio/uploads/73bc774a-868f-4bf5-8325-519385d1ece0/5b3c90fb472e1135f877781013b09339_vKdBGbmx.wav,"Breathing difficulty and sweating during feeds are danger signs, even if earlier checks looked normal. This could be due to heart problems, lung infection, or milk going the wrong way during feeding, so the baby needs urgent re-evaluation. Go to a health facility for observation during feeding, oxygen saturation, respiratory rate, and heart assessment, and ask for tests like a chest X-ray and ECG/echocardiogram if available. Until reviewed, use smaller, slower feeds, keep the baby upright during and for 20–30 minutes after feeds, and avoid over-bundling. If there is blue or dark discoloration, very fast or noisy breathing, chest indrawing, fever, poor feeding, or unusual sleepiness, seek emergency care immediately.",GPT Realtime 2 (audio),gpt-realtime-2
b90caa08-e1f9-4e0e-890d-5e95aa066144,fulfulde,fulfulde,/data/Intron-Multimodal-Benchmarking/data/gates_data/audio/d5fdeff9cd0db445b689eb66990458be_QSvlABCT.wav,"Deɓbo fere kam wandi ɓingei mako mo duuɓi tati asbiti ɓelaramo ande subaka.
Ko ɓe halibo, ike tọ ƴiɓẹ wolwani ɓingei on,o tonta takọ sam, ọlarata gọdọ fẹrẹ mo wọlwatamọ,e ta nọdi indẹ makọ ,ọsọŋata,mọ damai   hanọ ọnai naima sam.
E ndẹr ƴamai  ŋgal, ƴammi  debbo on ,  ""cukalei on mẹɗi hebki paɗɗe na?""  Inna makọ wi'i ,ọ meɗa hebki paɗɗẹ. Meen ɓedi men ƴamimo "" cukalei ngei heɓɓi  jaɓɓukọ kala baatẹ  pesoode mun  a timmuɗẹ , ko o fotnoo hebki bana nọ inna maakọ waddi?' Ereeji ŋaudugol  din min kuutọrto laaɓini,ɓingei on jaɓi baatẹ mako pat .
Mi ɓedi mi ƴami: "" kọ fayti  huunɗẹ cukalei on ,ngel wala paaɗɗẹ e ọjaɓi baatẹpesoode makọ pat,kọ daami cukaley ọn?",http://speech-app.s3.amazonaws.com/static/audio/uploads/4a044283-803f-4c41-be8f-d5745fa9224a/d5fdeff9cd0db445b689eb66990458be_QSvlABCT.wav,"Continuous leakage of urine after a difficult delivery or pelvic surgery is often caused by an obstetric fistula (an abnormal hole between the bladder and vagina) or injury to the urinary sphincter. This can make the person unable to control urine and may also cause skin irritation and social discomfort. The main treatment is evaluation by a specialist and surgical repair of the fistula; some cases may need a period of catheter drainage before or after surgery. Pelvic floor exercises may help if there is mild stress incontinence, but they will not close a true fistula. It is important to seek care at a hospital with fistula repair services, as early assessment improves outcomes.",GPT Realtime 2 (audio),gpt-realtime-2
1a002373-faf1-4e16-826e-6df369cca5ef,fulfulde,fulfulde,/data/Intron-Multimodal-Benchmarking/data/gates_data/audio/8ec82bf62749bcaac51913a6970dc7a2_EbCdRQ1X.wav,"Be waddi debbi fere sibiti hande fajira do, eyam do rufa ha mako sosai fah, kuma do sakli mo daa sedda. Be demi mo, ko irin do meddi fudugo be mako, ovi medi fudugo de didi ko saali. De fedata odo nana naudum, denbo eyam mai rufa ta’a rufa ta’a. Be ummi ko reedu don rufata. Ovi o anda ko odon no mari redu ko odo bee redu . Be emmi dai olaari al haada mako , ovi nebbai ko o laari .ovi o lari bana lewru gotel be reeta boko rufugo eyam do fuddi fein hande fajira. Useni dime don watata debbo rufugo eyam sosai do banni? Mataki gwagaawal toi hosata? Yaudigi toi hokkata debbo do hisnu yonkimaako be darnata eyam mai?
Lekkiji toi be baatedi toi be hokkatamo je darnata eyam mai?
Kuma hownugo toi be waawata be wadda, be hefta dume waddi rufugo eyam kulnidum do?",http://speech-app.s3.amazonaws.com/static/audio/uploads/e706871e-2885-4c80-ad52-4873b8fa79fa/8ec82bf62749bcaac51913a6970dc7a2_EbCdRQ1X.wav,"Persistent fever and ongoing cough after treatment mean you may not be fully recovered, and the medicines you took might not be the right ones or not enough. Please return to a clinic for a review, including checks for malaria and respiratory infections (like pneumonia or TB), and follow the prescribed treatment exactly rather than mixing medicines on your own. Rest, drink plenty of fluids, and avoid heavy work until the fever settles and you feel stronger. Go to urgent care immediately if you develop trouble breathing, worsening chest pain, confusion, persistent vomiting, or signs of dehydration.",GPT Realtime 2 (audio),gpt-realtime-2
4423cbe0-a4db-4778-948d-3a5fa0e78a09,fulfulde,fulfulde,/data/Intron-Multimodal-Benchmarking/data/gates_data/audio/d57b9cb9d5cea86ec4327ac7d10e0e10_Jfw0zUq5.wav,"Alabukun vii,  odo ye’a dowre , kanjum be chomri, bo hore naawata mo do hadi mo jode belde. Saati didi ko salli, o wala naaana jamma boddum sam. Koste mako didi be juude mako be yeso fu pat ni do puuti puuti. Odo tani habda be mai. Be saurimo o yara hundeji fere nii, amma dai fu pat walaa ko hoini sam. Amma nii be viimo o tammi waddugo daama.
Be laari mo bevi daa ko shafii foofugo don ba. Ko haadini beda be wadi, be vii da kodume manga don bah. Odo fada eskal wala bone. Sembe eyam mako fu be hauni be tawi 168/100.  Gammai bevi o suita , be godi sembe eyam mako fain be tawi 150/90.
Belaari bo odo bee reedu. Toh sai be hokki mo lekki je sembe eyam mako do fadi, je marbe reedu, gam lekki mai wala damuwa ha jaumo reedujo. Be yechi mo kala hundeji fu je owatta, bandamo hundeji tornato mo soosai  watata sembe eyam mako bedda. Demde am ba, bawo hundeji be wanni irin jaumu reedu do, jedo mari nawwugo hoore kullum be uppugo yeeso mataaki toi hosata hado reedujo do, ta  ye’u yotta har debbi mo do jima?
Be kuma dume don jaumu redu wadata da yotta irinbanni bako owonna banni?",http://speech-app.s3.amazonaws.com/static/audio/uploads/e6fc6d6a-6f3e-4be2-b78d-2e1d770c801e/d57b9cb9d5cea86ec4327ac7d10e0e10_Jfw0zUq5.wav,"I’m going to think this through based on what you described and then give a clear, practical plan.Those blood pressure readings are high, so your father should be reviewed in clinic to confirm the diagnosis and check for complications, especially since there is leg swelling. Stress can temporarily raise blood pressure, but sustained high readings are usually due to underlying hypertension and need medical evaluation; kidney and heart problems should be checked with kidney function tests, urine protein, and an ECG. If repeat measurements remain elevated (for example, persistently at or above 140/90), a clinician will usually start medication and tailor it based on other conditions. In the meantime, reduce salt, avoid alcohol and tobacco, eat more vegetables and fruits, keep weight healthy, and stay physically active as advised. Seek urgent care if there is chest pain, severe headache, breathlessness, confusion, or rapidly worsening swelling.",GPT Realtime 2 (audio),gpt-realtime-2
070402f8-05b1-468e-bb31-930b2f90e3c6,fulfulde,fulfulde,/data/Intron-Multimodal-Benchmarking/data/gates_data/audio/1c55787ba76b985398d0ced24232e4bc_6kSfBV8k.wav,"Bawo mi dayi , bandu am fuddi hoinugo , kikide fere ni minumi, tunde dai en wala diam labdam ha fattude amin, to idi mi yiiwa kullum kullum diam be dotti , minaftirita , mi numii amma fah haadi ni mido hakkilona hore am mido yiiwa boddum. Toh kikide fere bo wari , mi nanei beldum bandu am. Mi fuddi nanugo jaagol , be bandu am fuddi dewnugo kullum kullum . Da mido naana jaagol, bo hauti be bandu am vellai fein. Se mi hirliti eyam je vurtata bawo dayugo don hacchega mi nannata daga ton bo vellai bo. Hacchega mai duudi bo meddai fudugo be am  bo. Mi kaasi ittugo gite am daga totton. Dai mi ummi, sai don miyahi sibiti mi emma ko diyam labdam je mi naftiri ta mi yiwa be mai kanjum don waddata kala yeu bawo dayugo.",http://speech-app.s3.amazonaws.com/static/audio/uploads/a89fb6be-d253-468e-a30f-fbbc5ffd979d/1c55787ba76b985398d0ced24232e4bc_6kSfBV8k.wav,"I’ll think through what might be going on and the safest next steps based on your symptoms.Your symptoms sound like two issues: chronic cough (possibly with weight loss/night sweats) that needs screening for tuberculosis, and leg pain/swelling with numbness that could be nerve compression from tight clothing or a more serious problem like a blood clot. Please go to a health facility for a sputum test (and chest X-ray if available), and ask for HIV testing as well, since these often go together in our setting. For the leg, avoid tight belts or wraps, rest and elevate the limb, and seek urgent care if one leg becomes very swollen, painful, warm, or you feel short of breath. Do not rely on herbal remedies alone if symptoms persist. Early diagnosis and treatment can prevent complications.",GPT Realtime 2 (audio),gpt-realtime-2
4af82849-4342-407a-a297-a30633dd2ca0,fulfulde,fulfulde,/data/Intron-Multimodal-Benchmarking/data/gates_data/audio/f85138fdf93e7d827340b342c9888acd_iNKJQ5F2.wav,"Addirawo am dayi bingel debbo balde sali ,sai o lari ba kala wakkati o misinta mo o wala fofa boddum,wakkati fere bingel man yofta ta kossam bamo pofde mako ta ee,yenda wore,dada bingel timmini musungo mo be jemma,sai o lari lebbi bingel ba wailiti sedda sedda,sai o tampi ko o wadata,sai o godi bamtugo bingel mai gam o heba o fofa boddum,amma bo bingel gagiri fofugo boddum,be bo chanjugo lebbi bingel man,sai o yawi o hosi bingel o yari asibiti gam be larinamo bingel mai,
Dume on chanjini bingel man lebbal?
Denbo wala aibe no bingel fofata nah?
Ko bo yauw berde walla yauw hanta dasinta bingel man fofata be bone?
Dume on alamaji kalludum je saaroji watinta hakkilo 
Dume on aagaji be wawata hokkugo bingel mo fofata be bone",http://speech-app.s3.amazonaws.com/static/audio/uploads/d41322bf-a0c6-4499-acc3-c40f67587815/f85138fdf93e7d827340b342c9888acd_iNKJQ5F2.wav,"I’ll translate the key points from the audio and then give a clear, concise summary in English.Blood donation is generally safe for healthy adults who meet eligibility criteria, and it helps save lives by providing blood for patients in need. Donors must be screened for basic health status (such as weight, vital signs, and hemoglobin) and for risk factors that could make donation unsafe for them or recipients. Blood is collected under sterile conditions, typically taking only a short time, and the volume taken is controlled to avoid harm. After donation, the blood is tested for infections and blood type to ensure it is safe to use. If you have medical conditions, recent illness, or other risk factors, you should be deferred and advised when it may be safe to donate.",GPT Realtime 2 (audio),gpt-realtime-2
9635323b-799b-4cd6-8021-a6ffbaa45c7a,fulfulde,fulfulde,/data/Intron-Multimodal-Benchmarking/data/gates_data/audio/1ea100091a79bf0b747085b28fca44eb_bEahFB2U.wav,"Debbo Jomu redu reduman lebbi jego,mindo wondi sare gotel,fuddi hirrugo do berde mako do fiya be lau lau,aviya mo timmini dongugo jotta,wakkati fere bo o do soma ko o huwai ko dume,denbo jungo mako do hautidira sedda,satiji sali sedda o lari dade mako do uppa heddi yeso,sai o hultiri,o do nummado kam do der yauwu damata jomu redu nah ko bo dum yauwu fere on,sai o taski yehugo lara likita gam andugo dume sanadu yauw do.
Yammol ha do ,dume on waddini debbo redujo do fiyal berde be lau lau do aviya bo timmini doggugo?
Denbo dumme sanadu uppugo dade do?
Denbo irin yauw do kam wawan meme maunugo bingel redu mako do nah?
Dume on alamaji kalludum je be watinta gite ha sare?
Baa Irin yamduji ko kuje yare yare ji on hadi o dayinta ko bo wodi je ko o bedda ta yammugo ha irin wakkati do?",http://speech-app.s3.amazonaws.com/static/audio/uploads/257a211a-4acf-4d33-8bb7-91688f6a9a9b/1ea100091a79bf0b747085b28fca44eb_bEahFB2U.wav,"I’ll listen carefully to the recording, then I’ll give a concise medical explanation in English.These symptoms sound most consistent with malaria, which commonly causes fever, headache, joint pains, and marked weakness, especially during the rainy season. The safest step is to get a malaria test (rapid test or microscopy) and start appropriate antimalarial treatment (an ACT) if positive; do not rely on herbs alone. Ear pain is not a typical malaria feature, so it should be examined for an ear infection, which may need antibiotics—avoid putting substances into the ear. Seek urgent care if there are danger signs such as persistent vomiting, convulsions, confusion, severe drowsiness, or inability to drink, because these can indicate severe illness.",GPT Realtime 2 (audio),gpt-realtime-2
439a3510-6994-4c54-a354-9f8e39e17b9d,fulfulde,fulfulde,/data/Intron-Multimodal-Benchmarking/data/gates_data/audio/5772c7694127b69c21dfd7539161b906_4ZadKFma.wav,"Mi hakkili miko am pertido mo vowi fijugo beh sobirabe mako canji wakkati gotel. Jotta hanko tan jodata ha sudu mako kullum. O acci yewtugo, bo owala fala ko o vowi yidugo. Mi hakkili boh ko minin jeh woni sare, oyida yamugo beh amin . Odo nandi mo woni der billa koh chomri kala wakkati fu. Kadi, dume on wawata lata sababu dasugo bandu mako beh sobirabe mako? Wawan lata mettol berde on na koh torrugo hakkilo on damata mo? Her toi min wawata vallugo mo gam seyo mako warta? Beh alamaji toi handi en hakkila? Handi o lara hokko shawara na koh likita mo andi nyawuji berde?",http://speech-app.s3.amazonaws.com/static/audio/uploads/543e4e17-d941-44de-9941-31053b439bff/5772c7694127b69c21dfd7539161b906_4ZadKFma.wav,"I’ll think through what this could mean and give you a safe, practical next step.For a child with fever, vomiting, and diarrhea, the safest first step is oral rehydration solution (small frequent sips) and zinc, and avoid giving unknown medicines like “paiti” or “red syrup” unless a clinician prescribed them. Do not give antibiotics unless a health worker diagnoses a bacterial infection, because most childhood diarrhea is viral and antibiotics can cause harm. Go to the hospital urgently if the child cannot drink, keeps vomiting everything, has blood in stool, is very sleepy or confused, has fast or difficult breathing, has sunken eyes or very little urine, or the fever is high or prolonged. In malaria areas, a fever should be tested with a rapid test, and malaria treatment should only be started if positive. If you use paracetamol for discomfort, dose by weight (not age) and check the label, and stop if the child is vomiting or not keeping fluids down.",GPT Realtime 2 (audio),gpt-realtime-2
98e022a6-3280-419c-b6d4-0f2396fedf7b,fulfulde,fulfulde,/data/Intron-Multimodal-Benchmarking/data/gates_data/audio/5ae6765e8eade4159e4f5137883c57e1_NHp9iyFv.wav,"Daada ɓingel fere ɗo daami hala kechel mako mo mari lewru jetati. Be naange, ɓingel mai fijan boɗɗum, amma to jemma waɗi se o fuɗɗa tari. Tari mai ɗo ommina kechel man diga ɗoiɗi mako, bo kechel mai wokan diga ɓawo. Ha iri kala jemma doh, dada mai laari ɓingel man ɗo fofa be law bo oɗo habda fofa mai ma. Dada mai kaasi ɗaanugo gam o hulturi. De fajira waɗi, dada mai hakkili lari ɓingel mai sali musunugo bo o sali fijugo no ovowi, se oyaari kechel ha likita gam oyiɗi o anda ɗume on haddisitta tari man bo ko waɗi oɗo fofa be bone bo o'anda iri kala lekki toi ewannata ɓingel man. Lamnɗol am: ko watata ɓingel peetel taari sosay be jemma bo haɗa ɓingel man fofugo boɗɗum? Waawan waɗa taari be boneeɗe foofugo man alamu huttu? Ɗume be ɗume ewaawata waɗugo ha saare heɓa kechel man ɗaana boɗɗum jemma?",http://speech-app.s3.amazonaws.com/static/audio/uploads/613d2683-85de-4c67-9096-827184b2ebdd/5ae6765e8eade4159e4f5137883c57e1_NHp9iyFv.wav,"This sounds like possible postnatal depression or severe stress, and it needs prompt support, especially if there are thoughts of harming the baby or self. Please seek help today from a nearby health facility, doctor, or mental health service; if there is any immediate risk, go to the emergency unit or call for urgent assistance. Ask a trusted family member to help watch the baby so the mother can rest, eat, and avoid being left alone when distressed. Also have the baby checked for common causes of excessive crying (hunger, fever, illness, colic, reflux, ear infection, or poor feeding). Counseling, practical support, and sometimes medication can help, and early treatment is safe and effective for both mother and baby.",GPT Realtime 2 (audio),gpt-realtime-2
662d0f80-5975-44c8-b91f-e79e040b4d70,fulfulde,fulfulde,/data/Intron-Multimodal-Benchmarking/data/gates_data/audio/d1317d919f7ad32aa7e02bea784f5e2e_254txzZC.wav,"Rawaandu ngati ɓingel ɓanɗam. Duɓi mako je ɗiɗi. De rawaandu mai gati mo, eyehi ha gargajiya, goɗɗo gargajiya ta'i babal mai se wati lekki fere inde majum 'aporo'. Amma jonta, babal rawandu mai gati fuddi vurtungo namputere bo ɓuti. En yechi ɓe eyara mo asibiti. Useni, iri kala lirore toi ewannata ɓingel ɗoh? Owawan heɓugo wuttaandu gam rawaandu mai, ko da rawaandu mai ɗo daama? Bo iri safande toi haani ewanna ɓingel peetel ɗo? Maandu rawaandu mai wannai mo illa fere ha ɓandu mako.",http://speech-app.s3.amazonaws.com/static/audio/uploads/d32f5e72-b75a-438a-aaa1-0f3e49e2ad25/d1317d919f7ad32aa7e02bea784f5e2e_254txzZC.wav,"Headache has many causes, including tension or stress, migraine, dehydration, sinus infection, malaria, and high blood pressure. Treat simple headaches with rest, fluids, and paracetamol, and avoid taking pain medicines every day because overuse can make headaches worse. Go to the hospital urgently if it is the worst sudden headache, if there is fever with stiff neck, weakness on one side, confusion, repeated vomiting, seizures, or if you are pregnant with severe headache. In areas with malaria, test and treat malaria if you have fever or other symptoms. If headaches keep coming back, get checked for blood pressure, vision problems, and other medical causes.",GPT Realtime 2 (audio),gpt-realtime-2
7af2af64-2808-4bf4-a259-49c62c4a9b64,fulfulde,fulfulde,/data/Intron-Multimodal-Benchmarking/data/gates_data/audio/445167f8000db8be0f36ff93faaad782_UdH9lVGh.wav,"Debbo jarmaajo do jogi bingel mako , de olaari zaszabi nangi gel , bingel mai nonnon tan fuddi dibbugo .Bingel mai do wada jindol owal der hakkilo . Irin yeu toi hebbi bingel daada  musunoddo do? Be irin hakkulingo toi hakkilinta bingel do?",http://speech-app.s3.amazonaws.com/static/audio/uploads/4e944aa2-b594-4fe7-bac1-5709e3f206d4/445167f8000db8be0f36ff93faaad782_UdH9lVGh.wav,"It sounds like you are asking about high blood pressure, its causes, and what to do about it. High blood pressure can be caused or worsened by family history, being overweight, too much salt, smoking, alcohol, stress, kidney disease, and not being physically active. Many people have no symptoms, but some may have headaches, dizziness, or seeing “stars,” and untreated high blood pressure can damage the heart, kidneys, and eyes. Management includes reducing salt, eating more fruits and vegetables, regular exercise, stopping smoking, limiting alcohol, managing stress, and taking prescribed medicines consistently. Please see a health worker for proper measurement, evaluation for other causes, and the right medication plan.",GPT Realtime 2 (audio),gpt-realtime-2
05d40662-2ac2-4b71-88a4-87bf41b6ca15,fulfulde,fulfulde,/data/Intron-Multimodal-Benchmarking/data/gates_data/audio/88f1715c0c0a0e58e1d81a3b7eabeb44_DKJjG7gE.wav,"Daada musunoodo, hirliti bingel mako kuma odo laara ni bandu bingeldo, dowula wakatigo . Daada lori vi oyi bawoo awaa sedda saali oyi bandu bingel mai gabaakidaya tiidii se o faddi. Bo o anda ko leebol mako do mappi, gam kujeeji diam do vurtinamo ha hunduko. Kuma hingel mai wawata moda kala yiiri fu.
Jotta odo ema likita ko irin yeu do maran daama, kuma be irin yeu toi ga nandi, ko owaawan oheba  baatal koje gargajiya be sabulu gargajiya don be nefartirinta bingel be irin yewu do, ha lenyol o furti.",http://speech-app.s3.amazonaws.com/static/audio/uploads/505092e3-9608-4beb-98d8-d8aeb0a16945/88f1715c0c0a0e58e1d81a3b7eabeb44_DKJjG7gE.wav,"If your child still has fast or difficult breathing, chest indrawing, inability to drink, persistent vomiting, unusual sleepiness, convulsions, or blue lips, go to the hospital urgently. If medicines were prescribed by a clinician, continue them as directed and complete the full course. You can use paracetamol for fever at the correct dose by weight, keep the child well hydrated (frequent breastfeeding or fluids), and clear nasal congestion with saline drops if needed. Keep the child away from smoke and dust, and avoid cough syrups in very young children unless a clinician advised them. If there is no clear improvement within 24 to 48 hours, or symptoms worsen at any time, return for review.",GPT Realtime 2 (audio),gpt-realtime-2
b5f5fab7-0d62-4ff9-a947-631641f53f7c,fulfulde,fulfulde,/data/Intron-Multimodal-Benchmarking/data/gates_data/audio/b0096cbd1874092b64c5f55c71ef46fc_PfUWaCPY.wav,"Likita miwaddi by bingel dubu jew be lebbi didi , kuma odo be banin ko lebbi didi ko saali , odo be damuwa be foofugo do sadinimo jamma, kuma odo ojja kullum kullum. Hojjugo dooni salli dillugo. Mi soodi nimo lekki dojjugo TB, inde maagal Tutolin Children . O yardi goora gootel amma dojjugo mai dillai.kuma har jotta do dojjugo be jamma do sadinimo.
Mi wanni mo goji je TB, amma bevi wawan owala yeewu TB do.
Likita, dume don waddata bingel dubi jew heba hojjugo wala accha do, be kuma dume on waddata bingel dubi jew heba damuwa foofugo daker do be jamma?",http://speech-app.s3.amazonaws.com/static/audio/uploads/1c2be1aa-bad0-4e1e-8c37-84158acde31c/b0096cbd1874092b64c5f55c71ef46fc_PfUWaCPY.wav,"Keep taking your TB medicines as prescribed, because stopping early can make the disease worse and harder to treat. TB medicines do not treat a common cold, so avoid adding other medicines unless a clinician advises, as some can interact or cause more side effects. If you are vomiting and cannot keep the tablets down, or you develop yellow eyes, severe abdominal pain, rash, or very bad dizziness, go back to the clinic promptly for review and possible adjustment. To protect children and others, cover your mouth when coughing, ensure good ventilation, and continue treatment until the health worker confirms you are no longer infectious. If your cough is getting worse, you cough blood, or you have high fever or weight loss despite treatment, seek urgent medical care.",GPT Realtime 2 (audio),gpt-realtime-2
92caf330-cd8d-4af6-a332-4392a0684822,fulfulde,fulfulde,/data/Intron-Multimodal-Benchmarking/data/gates_data/audio/49f615cddaa3661c794eed71f7b98358_ZwOT7vF9.wav,"Inde am Mrs Akinleye, bawo lebbi didi ko saali do, mi hirliti nii gorko am, foofugo mako da daidai ba sam sam. Be odo isla akai akai , bandam odo babel sollaji ko ha be saa ta hunde. Odo isla akai akai ni bo foofugo dai dai do hokka mo bone. Foofugo mako do wada ta’a be odo isla to odoo pellel churde ko sollaaji. Wodi goji min wadata heba hefta ko waddata hojjugo do be islugo? Ko joode ha pelel mari sollaaji do waddata dum, ko bandu mako don chanjata wadata dum fe’a?
Irin lekki toi don o naftirita, foofugo mako hoota daidai be kuma owaawan ojooda peldum ko ha o woni fuu?",http://speech-app.s3.amazonaws.com/static/audio/uploads/958360c8-f3ce-4ba2-b455-3643aae6e790/49f615cddaa3661c794eed71f7b98358_ZwOT7vF9.wav,"Using an inhaler for asthma is generally safe when used as prescribed, and 1–2 puffs of a reliever (like salbutamol) as needed is common, but needing it very often means your asthma is not well controlled and you should be reviewed. Do not increase tablets or combine extra medicines beyond what was prescribed, because overdosing can cause shaking, fast heartbeat, and feeling unwell. If you were given a daily controller (often an inhaled steroid), use it every day as directed, even when you feel better. If you are relying on the reliever many times a day, waking at night with symptoms, or getting worse, go to a clinic promptly. Always confirm the exact names and doses of your medicines with your clinician, since “blue inhaler” and tablets can be different drugs.",GPT Realtime 2 (audio),gpt-realtime-2
1a300999-4afc-406c-b8f9-db90c98bf7f7,fulfulde,fulfulde,/data/Intron-Multimodal-Benchmarking/data/gates_data/audio/baa51d6b97df04c44e663e70c4dc6d29_3Ul3VDrg.wav,"Maama yi’i bingel mako,mo odo wondi be mako tun o dayi bingel, hakkunde bawo tati dum wadi, eyam rufata bawo dayugo, o rufa belau be sembe da daidai ba. Oyi’i ni fuu bingel mako do laapi , judde, koste, yeeso, nofuru fuu do laapi. Odo ta dewna bandu bo owuli. Amma ha der balle tati ko saali do koste mako be juude mai fu doo feewi. Bo odo sommi sommi ni sosai bo wala ko o waawata wadugo. Kanjum wadi o waddimo sibiti heba likita laara bandu mako. Oemmi ko wawan likita mai lootai babel mingel mai joodata boddum, ko kanjum waddata rufugo eyam sembe mai.
Bo otori likita mai vindimo baatal ko lekki je darnata eyam mai, eba daada mai lornita sembe mako waawa hakkilina bingel mako.",http://speech-app.s3.amazonaws.com/static/audio/uploads/9d732eb6-fb7a-42c0-8736-8c3dbb646e26/baa51d6b97df04c44e663e70c4dc6d29_3Ul3VDrg.wav,"I’ll think through what this likely represents and outline safe next steps.The small white, moving “worms” with anal itching, especially at night, most often suggest pinworm infection. A single dose of albendazole (400 mg) or mebendazole, with a repeat dose in 2 weeks, is commonly used; treat household members at the same time if possible. Wash hands often, keep nails short, and wash bedding, underwear, and towels in hot water to reduce reinfection. If you instead notice flat ribbon-like segments, or you have ongoing symptoms, abdominal pain, or weight loss, see a clinician because a different medicine may be needed.",GPT Realtime 2 (audio),gpt-realtime-2
1169dfcc-d852-4ad0-98bc-fcc9c05621ab,fulfulde,fulfulde,/data/Intron-Multimodal-Benchmarking/data/gates_data/audio/d4b1cfe7adcbf7518f4312ae01331c3a_PDX1kSVB.wav,"Mi yari sobaajo am reduujo , mo duubi mako sappo e je tati, gam o nasti dayugo bo wakati wadi . Dai min yotti sibiti mai, be hosimo bo begodimo ko haadi fu, be tawi sembe eyam mako va’e. De bawadi ko haadini fu be wada . Odo der dayugo. Odon nii har bawo awa sappo e didi. Gorko mako dayai, likita en sauri debbo mai ojaba be wanna mo CS, gam odo der dayugo do neebi .
Sobajo am salli sam , ovi wai oyidi dayugo ba roobe ibrani’en dayata .
Dagabawo o dayi bingel, bawo awaa sappo e didi o do der dayugo. Odayi bingel debbo e jamun, kuma minyettore Allah. Amma ko hilni amin bingel do wala foofa boddum. Be dimbi akai akai, marri , wugi bandu bingel do. Owooki ni amma foofugo warta deedai har jotta.
Be yawi be hokkimo oksijin.
Likita, Useni, bingel do hisan na? Be to o hisi, o wartan bingel mo woodi naafoore na?",http://speech-app.s3.amazonaws.com/static/audio/uploads/3d266846-2143-40e8-9ce7-edd23e4b7d32/d4b1cfe7adcbf7518f4312ae01331c3a_PDX1kSVB.wav,"The baby likely did not cry because of severe prematurity, which often causes immature lungs and breathing problems (respiratory distress) and weak muscle tone at birth. At about 28 weeks, babies can struggle to breathe on their own and may need strong resuscitation and prolonged oxygen support. In twin pregnancies, the second baby can also be at higher risk if there was distress, poor position, or delayed delivery, which is why a cesarean may be needed. Even with care, very preterm babies can die from complications like respiratory failure, infection, or birth asphyxia.",GPT Realtime 2 (audio),gpt-realtime-2
4d31877b-469d-4301-9932-75fd852d6b19,fulfulde,fulfulde,/data/Intron-Multimodal-Benchmarking/data/gates_data/audio/7c72ff04903a2a067085df6696d31fe2_ploEzH89.wav,"Reenodo bingel mo hakkilinta bingel petel, hirliti bingel o hakkilinta mai daker foofata, denbo foofugo bingel mai da dedai ba.
Bingel do da chekkel don ba je be sakkiniel ha danugo, kuma naa bingel beyiiwata be diyam paudum.
Dume don waddata bingel petal foofata daker do be dojjata akai akai, bo kwadi foofugo mai hoyinai mo bana naane? Dume minwadata do halaa do?",http://speech-app.s3.amazonaws.com/static/audio/uploads/1c6a2b57-3053-4415-9727-917ed9722ce8/7c72ff04903a2a067085df6696d31fe2_ploEzH89.wav,"I’ll give you a clear, practical explanation in English for what you’re describing and what to do next.This sounds like diarrhea with dehydration, which can be dangerous, especially if the child has dry mouth, sunken eyes, lethargy, or is passing very little urine. Start oral rehydration solution (ORS) immediately: give small frequent sips, and continue even if vomiting by waiting a few minutes and restarting slowly. Keep feeding the child, including breast milk if applicable, and avoid sugary or very fatty drinks. If there is blood in stool, persistent vomiting, fever, severe abdominal pain, or the child is getting weaker or not drinking, go to a health facility urgently. Zinc supplementation for 10–14 days can reduce the duration and severity of diarrhea where available.",GPT Realtime 2 (audio),gpt-realtime-2
7be603c9-1850-4693-b2d6-1b7b07387ab2,fulfulde,fulfulde,/data/Intron-Multimodal-Benchmarking/data/gates_data/audio/586a9bb6daab0fb5d9630e9ae6621d65_2VpNAeQX.wav,"Debbo fere dayi chekkel ha sibiti amin fajiri do. Dayugo mai hokkai mo bone sam, odayi wala damuwa. Nebai sam bawo o dayi min laari leppol min wanni mo buli, sofni be eyam.  Bawo minti sedda debbo do naftiri be leppol fere, kanjum mai fu hebbini be eyam. Nebai sam debbo fuddi nanugo owala sembe bo eyam mai do rufa sosai sali darugo. Dume don waddata rufugo eyam bawo dayugo ? Dime watta darna eyam mai? Ko wawan laata bingel fere don ha der reedu debbo do? Dume don waddi rufugo eyam sembe darata do ba je debbo do? Dume min wawata min wanna debbo do, eyam mai dara? Irin baatal ko lekki toi naftirint debbo do , be min tura debbo do sibiti manga na , ko don ko min wawata min wanna debbo do je darnata eyam mai?",http://speech-app.s3.amazonaws.com/static/audio/uploads/5dac9a38-8c55-48c0-a42e-db2f494830ab/586a9bb6daab0fb5d9630e9ae6621d65_2VpNAeQX.wav,"I’ll walk through what you described and explain the safest next steps.This sounds like an infected burn wound, especially since it became painful with pus and is not healing. Do not keep squeezing it; instead, gently clean with clean water, apply a simple clean dressing, and avoid harsh substances. You should see a health worker promptly for proper wound care and possible antibiotics if the infection is significant. They may also check your tetanus status and give a tetanus shot if needed. Go urgently if you have fever, worsening swelling, spreading redness, severe pain, or if the finger becomes stiff or dark.",GPT Realtime 2 (audio),gpt-realtime-2
d37bde49-8a16-485c-90d5-613f7fad7712,fulfulde,fulfulde,/data/Intron-Multimodal-Benchmarking/data/gates_data/audio/4a8cbcc916138f5a8a753eb6c39bd2f3_f8CvbIoJ.wav,"Dubi am sappan e tati e didi. Nebai mi danyi, Balde je didi ko sali mi danyi. Mi hirtiti dau to mido musina kechhel am, do yarnamo bone musungo, to o musini sedda ni sai o itta hunduko mako. Toh mi hapdi musungo mo fahin sai o musina sedda o itta hunduko. Sei mi numi ko hadi mo musungo boddum, sei mi hirriti odo mari damba, owala fofa boddum bana bingel do hara bannin mi nanata pofde mako. Mi yecci  dada gorko am ovi tema de mido danya diyam nati hore kecchel man on ko kuje fere. Amma bo mi numi to diyam nasti hore mako kam, likita en handi beh anda. Min ko buri pusun go am berde ma hanjum on no owala hara boddum. Do dama am boh hakkilo am walai. Owala musina beh boddum sam. Sai toh miwadi beh sembe to miyidi o musina. Sai toh mi findini mo o musina sedda to fottini mo. Miyidi mi ema dau sababu pewol man jeh owala fofa beh boddum boh de o fofi fuu do nanda bana kine mako do sukki boh hanjum on wadi owala musina boddum. ",http://speech-app.s3.amazonaws.com/static/audio/uploads/840dabfc-6d8b-4a62-8077-5fe36c517b4a/4a8cbcc916138f5a8a753eb6c39bd2f3_f8CvbIoJ.wav,"Your husband’s symptoms (cough with chest pain, weight loss, weakness, and night sweats) can be caused by tuberculosis, but they can also come from other chest or lung problems, so he needs proper tests rather than guessing. He should go to a health facility for a sputum test (such as GeneXpert), chest X-ray, and an HIV test, because TB and HIV can occur together and change treatment. Do not restart, stop, or mix medicines on your own, because incomplete or wrong treatment can make TB harder to cure. Until he is assessed, he should cover his mouth when coughing, stay in well-ventilated areas, and avoid close contact with young children or people with weak immunity. If he develops severe shortness of breath, high fever, or becomes very weak, seek urgent care immediately.",GPT Realtime 2 (audio),gpt-realtime-2
c60e851f-8a94-4b7e-aeeb-d8836133b45b,fulfulde,fulfulde,/data/Intron-Multimodal-Benchmarking/data/gates_data/audio/970b50df7a2e36e0d728c0229754f252_tsVjfEld.wav,"Debbo do danyi ha sibiti meden lebbi jego ko saali. Owari sibiti man beh gorko mako haa o danyi bingel mardo lebbi jego mo be wardi beh mako jonta .
Dada man wadi bayani dau o hirriti bingel man do dojja balde sappo-e-tati yehugo sappo-e-nai ko saali.
Ovi bo o donno hokka mo lekki damba hiddeko dojjugo man fudda. 
Ovi dojjere man halli on daga keya. Balde tati ko fuddi amma har turti.
Ovi de o musini mo fu, odo hokka mo lekki diyam jeh der gora- jeh be sorrata jeh dojjugo do- jeh o dingi hokkugo bingel man do yara.
Ovi daga keya dojjugo man turti jeh har yotti bingel man wala wawa fofa beh boddum, bo daami am sosai.
Bana pofde man to ta’a on do yaha dau jippa les kala wakkati fu. 
Beh hultiri hanjum wadi beh waddi mo sibiti meden. 
Jotta emol am hado hanjum on; min wawan min hokka debbo do ko vallata mo beh bingel do ha saare na? Larugo no pofde mako ta’ata beh dojjere do?
Min vindina be lekki dojjugo na? Ko en wada gwaje-gwaje dau bingel man hiddeko min hokka mo lekki ko bate?",http://speech-app.s3.amazonaws.com/static/audio/uploads/8bf9f4d8-ae8e-4625-9c88-f23cc5d70fe7/970b50df7a2e36e0d728c0229754f252_tsVjfEld.wav,"Tell management the injury should be treated as a preventable incident, and the priority is to make the workplace safer, not to blame the worker. Recommend a proper incident investigation to find root causes, including training gaps, unsafe procedures, machine or tool defects, poor supervision, or missing protective equipment. Advise immediate corrective actions such as repairing equipment, enforcing safe work procedures, providing PPE, and retraining staff. Also recommend regular safety audits, clear reporting systems, and supervision to ensure rules are followed and risks are corrected early.",GPT Realtime 2 (audio),gpt-realtime-2
ca38ef49-d081-48fe-90af-041267c847c9,fulfulde,fulfulde,/data/Intron-Multimodal-Benchmarking/data/gates_data/audio/50eb25d9c93460bd13d7650d59a556b4_QfKim7Pf.wav,"Min yi goto der rewbe Amin marbe redu beh gorko mako fijjiri doh, ovi les jaburu mako beh bawo mako do nawa, beh wakkati daigol mako yottai fuu. Min emimo redu mako lebbi noi on? Ovi lebbi jego beh balde sedda on. Min emimo toh do nawa mo jotta ko do wara dilla on, sei ovi do nawa mo jotta. Sei min emimo toh olari diyam ko iyam, ovi olari diyam beh iyam. Min emimo bo bingel man jeh lamba noi on, bo redu man jeh noi on? Sei ovi hanjum on je arande. Emol min marni likita men hanjum on ; do alama daigol yotti onna, o fukkiri na, ko hunde fere on?
Min wawan min yerba debbo man dilla beh wanna mo gwaji der redu Wato scanning gam min anda ko fe’ata na?",http://speech-app.s3.amazonaws.com/static/audio/uploads/35e5444a-92ee-48b3-94f4-bbcce744cccc/50eb25d9c93460bd13d7650d59a556b4_QfKim7Pf.wav,"I’ll think this through carefully with you and focus on safe, practical next steps for your baby and family.If a child may have swallowed a button battery or magnets, it is an emergency and you should go to a hospital immediately for an X-ray and urgent removal, because they can cause serious internal burns or holes within hours. Do not make the child vomit, and do not give food or drink on the way; if it is a suspected button battery and the child is older than 1 year, giving small amounts of honey while traveling may be advised in some guidelines, but do not delay going. Watch for drooling, refusal to eat, coughing, chest or belly pain, vomiting, fever, or black stools, but do not wait for these signs before seeking care. If you are worried about cost, go to the nearest public facility and ask about emergency support or payment assistance, because delaying care can be far more dangerous and expensive.",GPT Realtime 2 (audio),gpt-realtime-2
097c330b-fb29-4392-acc8-015bd99ac09c,fulfulde,fulfulde,/data/Intron-Multimodal-Benchmarking/data/gates_data/audio/482f4a329e361907ead08f7240692149_qokCpWJA.wav,"Inde am Titilola. Daga keya, bandu bingel am do wuli, odo fiita diwna.
Bingel man wala wawa wailita dande mako sam. Do nanda ma bana dande bingel metata wailutuggo. Gite wore bingel man wawata mabbutuggo. Dumejum on wawata wadda zazzabi doh beh bo ko hadata dande mako wailutuggo? Gwal toi handi mi wanna mo heba mi anda sababu zazzabi man beh ko hadata dande mako wailutuggo? Jawabu toi beh yeccata men jeh ko woni der bandu bingel man jeh waddata zazzabi beh ko hadata dade mako wailutuggo?",http://speech-app.s3.amazonaws.com/static/audio/uploads/3e582d3f-71b9-4d36-b70c-095cd79016cc/482f4a329e361907ead08f7240692149_qokCpWJA.wav,"Wearing very tight clothes or waist trainers does not permanently reduce belly size; it only pushes tissues inward temporarily, so the effect disappears when you remove them. They can cause problems like shortness of breath, heartburn, abdominal pain, skin irritation, and sometimes nerve compression or reduced blood flow. In hot weather, tight compression can also increase discomfort and risk of fainting or dehydration. For lasting change, focus on balanced meals, regular physical activity, and core-strengthening exercises. If you feel pain, numbness, or breathing difficulty while wearing tight clothing, stop and get medical advice.",GPT Realtime 2 (audio),gpt-realtime-2
1922f14d-d08e-4f00-b45c-2c3c6f46b8e5,fulfulde,fulfulde,/data/Intron-Multimodal-Benchmarking/data/gates_data/audio/0f404b61a6cd74e458bf719ec8dcbeb3_AZyiHPA6.wav,"Dada fere hakkili lari bingel mum do dojja jeh balde.
Arindere kam, o tamma pewol on billata berde bingel man, den bo accan mo.
Amma bo, dojjugo man ustai. Bingel man do umma kala jamma fu gam dojjere man. Wakkati go kam ma bingel man do hapda bana o wala wawa fofa beh boddum. Dada man toh ummini bingel man darni, odo wawa nana no berde mako fiyata wakkati o fofata. Gam bannin, danugo beh jamma do yarna bingel man bone. De bingel man dojji Sosai ha gagiri mo fofugo beh boddum der jamma, jango man dada man taski yahugo asibiti. Oyidi o anda ko wadi dojjugo man fuddi, ko waddi ta’ol pofde man, dende bo o anda hedi o wawata vallugo. Emol am hoda hanjum on: dume on wawata wadda dojjere beh ta’ol pofde do, banda ma beh jamma? Kuje kalludum toi handi beh hakkila beh man toh bingel man do dojja? Kujeji toi handi beh hakkila beh man gam usta ko hada dojjugo man?
",http://speech-app.s3.amazonaws.com/static/audio/uploads/2a7e9671-a183-4eeb-8e39-ab9c3c41583d/0f404b61a6cd74e458bf719ec8dcbeb3_AZyiHPA6.wav,"In most cases, breastfeeding during a normal pregnancy is safe and does not harm the unborn baby. Your milk supply and taste can change in pregnancy, so some children refuse the breast or breastfeed less. Make sure you eat well, drink enough, and rest, because your body is supporting you, the pregnancy, and the breastfeeding child. You should stop or seek urgent review if you have high-risk signs like bleeding, strong pain, contractions, or a history of preterm birth, or if a health worker advises you due to medical risk. Please see a nurse or doctor for an antenatal check so they can assess your nutrition and pregnancy risk and guide you safely.",GPT Realtime 2 (audio),gpt-realtime-2
2eafca32-8cb0-4b65-afd7-f00db2a06c8a,fulfulde,fulfulde,/data/Intron-Multimodal-Benchmarking/data/gates_data/audio/d12396cc9b636a29e3344b6b9418a17e_r275y4Of.wav,"Renoodo bingel lari bingel mai do dojja sosai naudum, har karshe dojjugo mingel nonnon tan foofugo daker.
Toh dume don waddata dojjugo ha bingel banni tan, har karshe dojjugo mai wala foofa boddum daker daker foofata? Goji dime be dime bewawata bewanna bingel mai? Choboraade toi min hokkata mo? Be
Kuma shawara toi hokkata renoodo bingel mai?",http://speech-app.s3.amazonaws.com/static/audio/uploads/384e1111-4dbf-4bbf-84f0-ed4ff7510e0f/d12396cc9b636a29e3344b6b9418a17e_r275y4Of.wav,"Let’s sort out what actually helps your teeth most after brushing and what to avoid.For the best fluoride benefit, spit out the excess toothpaste after brushing and avoid rinsing with lots of water. Rinsing immediately washes away fluoride that should stay on the teeth to help prevent decay. If you feel you must rinse, use only a very small amount of water, or rinse later with a fluoride mouthwash instead. For children, use a pea-sized amount of fluoride toothpaste and supervise to prevent swallowing.",GPT Realtime 2 (audio),gpt-realtime-2
af16b3f3-84a4-4de3-a2ea-7bc14114dc24,fulfulde,fulfulde,/data/Intron-Multimodal-Benchmarking/data/gates_data/audio/c12052a2e9a926a6ce3a09d372ea0123_dow87MSR.wav,"Nonnon tan min lari debbo redujo je sibiti amin wari fajiri do. Owari be naudum sosai, odo wooka be sembe, odo jogi baawo mako be reedu mako gam noudum onanata. Bawo minti je tati yahugo sappo hader sudu 
dayugo min waddimo. Min larimo mintawi , mingel do jippa pellel danugo Dee. Nebai sam o dayi mingel debbo.
Toh min wadi ni kohaadi fu enwadata bawo redugo dayi .
Napai ni min hosi daada be bingel mako, min yari be haa sudu be suitata.
De nebi sedda, sai daada mai yooni amin , o yechi amin odonana o wala sembe, osomi , gite mako oyiyata labdum.
Ovi amin fu ogodi yamugo bawo o Dayi, amma dakar o hebi o yammi, Be yiiri mai wala jibba boddum.
Har jotta odonana o walaa sembe be ofuddi nanugo giilol . 
Dime on fedi bannin? Ko eyam vurti ha maako sosai, owala eyam. Ohadinika pillunko eyam. Ko dime bewadantamo? 
Min hokkamo eyam na?
Ko min hokkamo yirri?
",http://speech-app.s3.amazonaws.com/static/audio/uploads/4af59541-4b5a-442d-8676-4e2d66831773/c12052a2e9a926a6ce3a09d372ea0123_dow87MSR.wav,"I’m going to think through what you described and focus on what most needs urgent care.These episodes sound concerning for stroke or mini-stroke, especially with weakness on one side, speech changes, drooling, and repeated sudden collapses. She needs urgent hospital evaluation now, including blood sugar, blood pressure, and brain imaging, to confirm the cause and start the right treatment. Do not wait at home, because early treatment can prevent permanent disability and reduce the risk of another stroke. If a stroke is confirmed, management may include blood pressure control, antiplatelet medicine when appropriate, and rehabilitation. Keep her safe from further falls while arranging transport, and bring a list of her medicines and any known medical conditions.",GPT Realtime 2 (audio),gpt-realtime-2
